city,link,name,party,sex,city_en
Adana,https://www.tbmm.gov.tr/develop/owa/milletvekillerimiz_sd.bilgi?p_donem=27&p_sicil=7542,Abdullah DOĞRU,AK Parti,E,ADANA
Adana,https://www.tbmm.gov.tr/develop/owa/milletvekillerimiz_sd.bilgi?p_donem=27&p_sicil=7636,Ahmet ZENBİLCİ,AK Parti,E,ADANA
Adana,https://www.tbmm.gov.tr/develop/owa/milletvekillerimiz_sd.bilgi?p_donem=27&p_sicil=7606,Ayhan BARUT,CHP,E,ADANA
Adana,https://www.tbmm.gov.tr/develop/owa/milletvekillerimiz_sd.bilgi?p_donem=27&p_sicil=7554,Ayşe Sibel ERSOY,MHP,K,ADANA
Adana,https://www.tbmm.gov.tr/develop/owa/milletvekillerimiz_sd.bilgi?p_donem=27&p_sicil=7621,Burhanettin BULUT,CHP,E,ADANA
Adana,https://www.tbmm.gov.tr/develop/owa/milletvekillerimiz_sd.bilgi?p_donem=27&p_sicil=7553,İsmail KONCUK,İYİ Parti,E,ADANA
Adana,https://www.tbmm.gov.tr/develop/owa/milletvekillerimiz_sd.bilgi?p_donem=27&p_sicil=7163,Jülide SARIEROĞLU,AK Parti,K,ADANA
Adana,https://www.tbmm.gov.tr/develop/owa/milletvekillerimiz_sd.bilgi?p_donem=27&p_sicil=7566,Kemal PEKÖZ,HDP,E,ADANA
Adana,https://www.tbmm.gov.tr/develop/owa/milletvekillerimiz_sd.bilgi?p_donem=27&p_sicil=5822,Mehmet Metanet ÇULHAOĞLU,İYİ Parti,E,ADANA
Adana,https://www.tbmm.gov.tr/develop/owa/milletvekillerimiz_sd.bilgi?p_donem=27&p_sicil=6852,Mehmet Şükrü ERDİNÇ,AK Parti,E,ADANA
Adana,https://www.tbmm.gov.tr/develop/owa/milletvekillerimiz_sd.bilgi?p_donem=27&p_sicil=6439,Muharrem VARLI,MHP,E,ADANA
Adana,https://www.tbmm.gov.tr/develop/owa/milletvekillerimiz_sd.bilgi?p_donem=27&p_sicil=7631,Müzeyyen ŞEVKİN,CHP,K,ADANA
Adana,https://www.tbmm.gov.tr/develop/owa/milletvekillerimiz_sd.bilgi?p_donem=27&p_sicil=7612,Orhan SÜMER,CHP,E,ADANA
Adana,https://www.tbmm.gov.tr/develop/owa/milletvekillerimiz_sd.bilgi?p_donem=27&p_sicil=7358,Tamer DAĞLI,AK Parti,E,ADANA
Adana,https://www.tbmm.gov.tr/develop/owa/milletvekillerimiz_sd.bilgi?p_donem=27&p_sicil=7572,Tulay HATIMOĞULLARI ORUÇ,HDP,K,ADANA
Adıyaman,https://www.tbmm.gov.tr/develop/owa/milletvekillerimiz_sd.bilgi?p_donem=27&p_sicil=7438,Abdurrahman TUTDERE,CHP,E,ADIYAMAN
Adıyaman,https://www.tbmm.gov.tr/develop/owa/milletvekillerimiz_sd.bilgi?p_donem=27&p_sicil=6608,Ahmet AYDIN,AK Parti,E,ADIYAMAN
Adıyaman,https://www.tbmm.gov.tr/develop/owa/milletvekillerimiz_sd.bilgi?p_donem=27&p_sicil=7117,İbrahim Halil FIRAT,AK Parti,E,ADIYAMAN
Adıyaman,https://www.tbmm.gov.tr/develop/owa/milletvekillerimiz_sd.bilgi?p_donem=27&p_sicil=7446,Muhammed Fatih TOPRAK,AK Parti,E,ADIYAMAN
Adıyaman,https://www.tbmm.gov.tr/develop/owa/milletvekillerimiz_sd.bilgi?p_donem=27&p_sicil=7447,Yakup TAŞ,AK Parti,E,ADIYAMAN
Afyon,https://www.tbmm.gov.tr/develop/owa/milletvekillerimiz_sd.bilgi?p_donem=27&p_sicil=7010,Ali ÖZKAYA,AK Parti,E,AFYONKARAHISAR
Afyon,https://www.tbmm.gov.tr/develop/owa/milletvekillerimiz_sd.bilgi?p_donem=27&p_sicil=7055,Burcu KÖKSAL,CHP,K,AFYONKARAHISAR
Afyon,https://www.tbmm.gov.tr/develop/owa/milletvekillerimiz_sd.bilgi?p_donem=27&p_sicil=7666,Gültekin UYSAL,DP,E,AFYONKARAHISAR
Afyon,https://www.tbmm.gov.tr/develop/owa/milletvekillerimiz_sd.bilgi?p_donem=27&p_sicil=7463,İbrahim YURDUNUSEVEN,AK Parti,E,AFYONKARAHISAR
Afyon,https://www.tbmm.gov.tr/develop/owa/milletvekillerimiz_sd.bilgi?p_donem=27&p_sicil=7459,Mehmet TAYTAK,MHP,E,AFYONKARAHISAR
Afyon,https://www.tbmm.gov.tr/develop/owa/milletvekillerimiz_sd.bilgi?p_donem=27&p_sicil=6545,Veysel EROĞLU,AK Parti,E,AFYONKARAHISAR
Ağrı,https://www.tbmm.gov.tr/develop/owa/milletvekillerimiz_sd.bilgi?p_donem=27&p_sicil=7650,Abdullah KOÇ,HDP,E,AGRI
Ağrı,https://www.tbmm.gov.tr/develop/owa/milletvekillerimiz_sd.bilgi?p_donem=27&p_sicil=7193,Berdan ÖZTÜRK,HDP,E,AGRI
Ağrı,https://www.tbmm.gov.tr/develop/owa/milletvekillerimiz_sd.bilgi?p_donem=27&p_sicil=7192,Dirayet Dilan TAŞDEMİR,HDP,K,AGRI
Ağrı,https://www.tbmm.gov.tr/develop/owa/milletvekillerimiz_sd.bilgi?p_donem=27&p_sicil=6665,Ekrem ÇELEBİ,AK Parti,E,AGRI
Aksaray,https://www.tbmm.gov.tr/develop/owa/milletvekillerimiz_sd.bilgi?p_donem=27&p_sicil=7531,Ayhan EREL,İYİ Parti,E,AKSARAY
Aksaray,https://www.tbmm.gov.tr/develop/owa/milletvekillerimiz_sd.bilgi?p_donem=27&p_sicil=7325,Cengiz AYDOĞDU,AK Parti,E,AKSARAY
Aksaray,https://www.tbmm.gov.tr/develop/owa/milletvekillerimiz_sd.bilgi?p_donem=27&p_sicil=6566,İlknur İNCEÖZ,AK Parti,K,AKSARAY
Aksaray,https://www.tbmm.gov.tr/develop/owa/milletvekillerimiz_sd.bilgi?p_donem=27&p_sicil=7515,Ramazan KAŞLI,MHP,E,AKSARAY
Amasya,https://www.tbmm.gov.tr/develop/owa/milletvekillerimiz_sd.bilgi?p_donem=27&p_sicil=7408,Hasan ÇİLEZ,AK Parti,E,AMASYA
Amasya,https://www.tbmm.gov.tr/develop/owa/milletvekillerimiz_sd.bilgi?p_donem=27&p_sicil=7253,Mustafa TUNCER,CHP,E,AMASYA
Amasya,https://www.tbmm.gov.tr/develop/owa/milletvekillerimiz_sd.bilgi?p_donem=27&p_sicil=7415,Mustafa Levent KARAHOCAGİL,AK Parti,E,AMASYA
Ankara,https://www.tbmm.gov.tr/develop/owa/milletvekillerimiz_sd.bilgi?p_donem=27&p_sicil=6081,Ahmet Haluk KOÇ,CHP,E,ANKARA
Ankara,https://www.tbmm.gov.tr/develop/owa/milletvekillerimiz_sd.bilgi?p_donem=27&p_sicil=7000,Ali Haydar HAKVERDİ,CHP,E,ANKARA
Ankara,https://www.tbmm.gov.tr/develop/owa/milletvekillerimiz_sd.bilgi?p_donem=27&p_sicil=7052,Ali İhsan ARSLAN,AK Parti,E,ANKARA
Ankara,https://www.tbmm.gov.tr/develop/owa/milletvekillerimiz_sd.bilgi?p_donem=27&p_sicil=7582,Arife POLAT DÜZGÜN,AK Parti,K,ANKARA
Ankara,https://www.tbmm.gov.tr/develop/owa/milletvekillerimiz_sd.bilgi?p_donem=27&p_sicil=7516,Asuman ERDOĞAN,AK Parti,K,ANKARA
Ankara,https://www.tbmm.gov.tr/develop/owa/milletvekillerimiz_sd.bilgi?p_donem=27&p_sicil=7448,Ayhan ALTINTAŞ,İYİ Parti,E,ANKARA
Ankara,https://www.tbmm.gov.tr/develop/owa/milletvekillerimiz_sd.bilgi?p_donem=27&p_sicil=7467,Barış AYDIN,AK Parti,E,ANKARA
Ankara,https://www.tbmm.gov.tr/develop/owa/milletvekillerimiz_sd.bilgi?p_donem=27&p_sicil=6717,Bülent KUŞOĞLU,CHP,E,ANKARA
Ankara,https://www.tbmm.gov.tr/develop/owa/milletvekillerimiz_sd.bilgi?p_donem=27&p_sicil=6982,Durmuş YILMAZ,İYİ Parti,E,ANKARA
Ankara,https://www.tbmm.gov.tr/develop/owa/milletvekillerimiz_sd.bilgi?p_donem=27&p_sicil=6704,Emrullah İŞLER,AK Parti,E,ANKARA
Ankara,https://www.tbmm.gov.tr/develop/owa/milletvekillerimiz_sd.bilgi?p_donem=27&p_sicil=7326,Erkan HABERAL,MHP,E,ANKARA
Ankara,https://www.tbmm.gov.tr/develop/owa/milletvekillerimiz_sd.bilgi?p_donem=27&p_sicil=6810,Fatih ŞAHİN,AK Parti,E,ANKARA
Ankara,https://www.tbmm.gov.tr/develop/owa/milletvekillerimiz_sd.bilgi?p_donem=27&p_sicil=7273,Filiz KERESTECİOĞLU DEMİR,HDP,K,ANKARA
Ankara,https://www.tbmm.gov.tr/develop/owa/milletvekillerimiz_sd.bilgi?p_donem=27&p_sicil=7436,Gamze TAŞCIER,CHP,K,ANKARA
Ankara,https://www.tbmm.gov.tr/develop/owa/milletvekillerimiz_sd.bilgi?p_donem=27&p_sicil=6122,Hacı TURAN,AK Parti,E,ANKARA
Ankara,https://www.tbmm.gov.tr/develop/owa/milletvekillerimiz_sd.bilgi?p_donem=27&p_sicil=5744,İbrahim Halil ORAL,İYİ Parti,E,ANKARA
Ankara,https://www.tbmm.gov.tr/develop/owa/milletvekillerimiz_sd.bilgi?p_donem=27&p_sicil=4712,Koray AYDIN,İYİ Parti,E,ANKARA
Ankara,https://www.tbmm.gov.tr/develop/owa/milletvekillerimiz_sd.bilgi?p_donem=27&p_sicil=6692,Levent GÖK,CHP,E,ANKARA
Ankara,https://www.tbmm.gov.tr/develop/owa/milletvekillerimiz_sd.bilgi?p_donem=27&p_sicil=7128,Lütfiye Selva ÇAM,AK Parti,K,ANKARA
Ankara,https://www.tbmm.gov.tr/develop/owa/milletvekillerimiz_sd.bilgi?p_donem=27&p_sicil=6667,Mehmet Naci BOSTANCI,AK Parti,E,ANKARA
Ankara,https://www.tbmm.gov.tr/develop/owa/milletvekillerimiz_sd.bilgi?p_donem=27&p_sicil=7108,Mevlüt KARAKAYA,MHP,E,ANKARA
Ankara,https://www.tbmm.gov.tr/develop/owa/milletvekillerimiz_sd.bilgi?p_donem=27&p_sicil=6995,Murat EMİR,CHP,E,ANKARA
Ankara,https://www.tbmm.gov.tr/develop/owa/milletvekillerimiz_sd.bilgi?p_donem=27&p_sicil=7435,Mustafa DESTİCİ,BBP,E,ANKARA
Ankara,https://www.tbmm.gov.tr/develop/owa/milletvekillerimiz_sd.bilgi?p_donem=27&p_sicil=7449,Nevin TAŞLIÇAY,MHP,K,ANKARA
Ankara,https://www.tbmm.gov.tr/develop/owa/milletvekillerimiz_sd.bilgi?p_donem=27&p_sicil=7151,Nevzat CEYLAN,AK Parti,E,ANKARA
Ankara,https://www.tbmm.gov.tr/develop/owa/milletvekillerimiz_sd.bilgi?p_donem=27&p_sicil=7121,Nihat YEŞİL,CHP,E,ANKARA
Ankara,https://www.tbmm.gov.tr/develop/owa/milletvekillerimiz_sd.bilgi?p_donem=27&p_sicil=7514,Orhan YEGİN,AK Parti,E,ANKARA
Ankara,https://www.tbmm.gov.tr/develop/owa/milletvekillerimiz_sd.bilgi?p_donem=27&p_sicil=6855,Sadir DURMAZ,MHP,E,ANKARA
Ankara,https://www.tbmm.gov.tr/develop/owa/milletvekillerimiz_sd.bilgi?p_donem=27&p_sicil=7465,Servet ÜNSAL,CHP,E,ANKARA
Ankara,https://www.tbmm.gov.tr/develop/owa/milletvekillerimiz_sd.bilgi?p_donem=27&p_sicil=6399,Şenol SUNAT,İYİ Parti,K,ANKARA
Ankara,https://www.tbmm.gov.tr/develop/owa/milletvekillerimiz_sd.bilgi?p_donem=27&p_sicil=6381,Tekin BİNGÖL,CHP,E,ANKARA
Ankara,https://www.tbmm.gov.tr/develop/owa/milletvekillerimiz_sd.bilgi?p_donem=27&p_sicil=6689,Yalçın AKDOĞAN,AK Parti,E,ANKARA
Ankara,https://www.tbmm.gov.tr/develop/owa/milletvekillerimiz_sd.bilgi?p_donem=27&p_sicil=7440,Yaşar YILDIRIM,MHP,E,ANKARA
Ankara,https://www.tbmm.gov.tr/develop/owa/milletvekillerimiz_sd.bilgi?p_donem=27&p_sicil=7437,Yıldırım KAYA,CHP,E,ANKARA
Ankara,https://www.tbmm.gov.tr/develop/owa/milletvekillerimiz_sd.bilgi?p_donem=27&p_sicil=6375,Yıldırım Tuğrul TÜRKEŞ,AK Parti,E,ANKARA
Ankara,https://www.tbmm.gov.tr/develop/owa/milletvekillerimiz_sd.bilgi?p_donem=27&p_sicil=7584,Zeynep YILDIZ,AK Parti,K,ANKARA
Antalya,https://www.tbmm.gov.tr/develop/owa/milletvekillerimiz_sd.bilgi?p_donem=27&p_sicil=6988,Abdurrahman BAŞKAN,MHP,E,ANTALYA
Antalya,https://www.tbmm.gov.tr/develop/owa/milletvekillerimiz_sd.bilgi?p_donem=27&p_sicil=7377,Atay USLU,AK Parti,E,ANTALYA
Antalya,https://www.tbmm.gov.tr/develop/owa/milletvekillerimiz_sd.bilgi?p_donem=27&p_sicil=7678,Aydın ÖZER,CHP,E,ANTALYA
Antalya,https://www.tbmm.gov.tr/develop/owa/milletvekillerimiz_sd.bilgi?p_donem=27&p_sicil=7651,Cavit ARI,CHP,E,ANTALYA
Antalya,https://www.tbmm.gov.tr/develop/owa/milletvekillerimiz_sd.bilgi?p_donem=27&p_sicil=6990,Çetin Osman BUDAK,CHP,E,ANTALYA
Antalya,https://www.tbmm.gov.tr/develop/owa/milletvekillerimiz_sd.bilgi?p_donem=27&p_sicil=3377,Deniz BAYKAL,CHP,E,ANTALYA
Antalya,https://www.tbmm.gov.tr/develop/owa/milletvekillerimiz_sd.bilgi?p_donem=27&p_sicil=7548,Feridun BAHŞİ,İYİ Parti,E,ANTALYA
Antalya,https://www.tbmm.gov.tr/develop/owa/milletvekillerimiz_sd.bilgi?p_donem=27&p_sicil=7540,Hasan SUBAŞI,İYİ Parti,E,ANTALYA
Antalya,https://www.tbmm.gov.tr/develop/owa/milletvekillerimiz_sd.bilgi?p_donem=27&p_sicil=7356,İbrahim AYDIN,AK Parti,E,ANTALYA
Antalya,https://www.tbmm.gov.tr/develop/owa/milletvekillerimiz_sd.bilgi?p_donem=27&p_sicil=7564,Kemal BÜLBÜL,HDP,E,ANTALYA
Antalya,https://www.tbmm.gov.tr/develop/owa/milletvekillerimiz_sd.bilgi?p_donem=27&p_sicil=5660,Kemal ÇELİK,AK Parti,E,ANTALYA
Antalya,https://www.tbmm.gov.tr/develop/owa/milletvekillerimiz_sd.bilgi?p_donem=27&p_sicil=7306,Mustafa KÖSE,AK Parti,E,ANTALYA
Antalya,https://www.tbmm.gov.tr/develop/owa/milletvekillerimiz_sd.bilgi?p_donem=27&p_sicil=7562,Rafet ZEYBEK,CHP,E,ANTALYA
Antalya,https://www.tbmm.gov.tr/develop/owa/milletvekillerimiz_sd.bilgi?p_donem=27&p_sicil=7125,Sena Nur ÇELİK,AK Parti,K,ANTALYA
Antalya,https://www.tbmm.gov.tr/develop/owa/milletvekillerimiz_sd.bilgi?p_donem=27&p_sicil=7679,Tuba VURAL ÇOKAL,AK Parti,K,ANTALYA
Ardahan,https://www.tbmm.gov.tr/develop/owa/milletvekillerimiz_sd.bilgi?p_donem=27&p_sicil=6687,Orhan ATALAY,AK Parti,E,ARDAHAN
Ardahan,https://www.tbmm.gov.tr/develop/owa/milletvekillerimiz_sd.bilgi?p_donem=27&p_sicil=7364,Öztürk YILMAZ,Yenilik P,E,ARDAHAN
Artvin,https://www.tbmm.gov.tr/develop/owa/milletvekillerimiz_sd.bilgi?p_donem=27&p_sicil=7466,Ertunç Erkan BALTA,AK Parti,E,ARTVIN
Artvin,https://www.tbmm.gov.tr/develop/owa/milletvekillerimiz_sd.bilgi?p_donem=27&p_sicil=6909,Uğur BAYRAKTUTAN,CHP,E,ARTVIN
Aydın,https://www.tbmm.gov.tr/develop/owa/milletvekillerimiz_sd.bilgi?p_donem=27&p_sicil=7627,Aydın Adnan SEZGİN,İYİ Parti,E,AYDIN
Aydın,https://www.tbmm.gov.tr/develop/owa/milletvekillerimiz_sd.bilgi?p_donem=27&p_sicil=7649,Bekir Kuvvet ERİM,AK Parti,E,AYDIN
Aydın,https://www.tbmm.gov.tr/develop/owa/milletvekillerimiz_sd.bilgi?p_donem=27&p_sicil=6734,Bülent TEZCAN,CHP,E,AYDIN
Aydın,https://www.tbmm.gov.tr/develop/owa/milletvekillerimiz_sd.bilgi?p_donem=27&p_sicil=7243,Hüseyin YILDIZ,CHP,E,AYDIN
Aydın,https://www.tbmm.gov.tr/develop/owa/milletvekillerimiz_sd.bilgi?p_donem=27&p_sicil=7648,Metin YAVUZ,AK Parti,E,AYDIN
Aydın,https://www.tbmm.gov.tr/develop/owa/milletvekillerimiz_sd.bilgi?p_donem=27&p_sicil=7388,Mustafa SAVAŞ,AK Parti,E,AYDIN
Aydın,https://www.tbmm.gov.tr/develop/owa/milletvekillerimiz_sd.bilgi?p_donem=27&p_sicil=7652,Rıza POSACI,AK Parti,E,AYDIN
Aydın,https://www.tbmm.gov.tr/develop/owa/milletvekillerimiz_sd.bilgi?p_donem=27&p_sicil=7581,Süleyman BÜLBÜL,CHP,E,AYDIN
Balıkesir,https://www.tbmm.gov.tr/develop/owa/milletvekillerimiz_sd.bilgi?p_donem=27&p_sicil=7425,Adil ÇELİK,AK Parti,E,BALIKESIR
Balıkesir,https://www.tbmm.gov.tr/develop/owa/milletvekillerimiz_sd.bilgi?p_donem=27&p_sicil=7124,Ahmet AKIN,CHP,E,BALIKESIR
Balıkesir,https://www.tbmm.gov.tr/develop/owa/milletvekillerimiz_sd.bilgi?p_donem=27&p_sicil=7427,Belgin UYGUR,AK Parti,K,BALIKESIR
Balıkesir,https://www.tbmm.gov.tr/develop/owa/milletvekillerimiz_sd.bilgi?p_donem=27&p_sicil=7590,Ensar AYTEKİN,CHP,E,BALIKESIR
Balıkesir,https://www.tbmm.gov.tr/develop/owa/milletvekillerimiz_sd.bilgi?p_donem=27&p_sicil=7461,Fikret ŞAHİN,CHP,E,BALIKESIR
Balıkesir,https://www.tbmm.gov.tr/develop/owa/milletvekillerimiz_sd.bilgi?p_donem=27&p_sicil=7248,İsmail OK,BAĞIMSIZ,E,BALIKESIR
Balıkesir,https://www.tbmm.gov.tr/develop/owa/milletvekillerimiz_sd.bilgi?p_donem=27&p_sicil=7428,Mustafa CANBEY,AK Parti,E,BALIKESIR
Balıkesir,https://www.tbmm.gov.tr/develop/owa/milletvekillerimiz_sd.bilgi?p_donem=27&p_sicil=7424,Pakize Mutlu AYDEMİR,AK Parti,K,BALIKESIR
Balıkesir,https://www.tbmm.gov.tr/develop/owa/milletvekillerimiz_sd.bilgi?p_donem=27&p_sicil=7426,Yavuz SUBAŞI,AK Parti,E,BALIKESIR
Bartın,https://www.tbmm.gov.tr/develop/owa/milletvekillerimiz_sd.bilgi?p_donem=27&p_sicil=7589,Aysu BANKOĞLU,CHP,K,BARTIN
Bartın,https://www.tbmm.gov.tr/develop/owa/milletvekillerimiz_sd.bilgi?p_donem=27&p_sicil=6541,Yılmaz TUNÇ,AK Parti,E,BARTIN
Batman,https://www.tbmm.gov.tr/develop/owa/milletvekillerimiz_sd.bilgi?p_donem=27&p_sicil=7198,Ayşe ACAR BAŞARAN,HDP,K,BATMAN
Batman,https://www.tbmm.gov.tr/develop/owa/milletvekillerimiz_sd.bilgi?p_donem=27&p_sicil=7211,Feleknas UCA,HDP,K,BATMAN
Batman,https://www.tbmm.gov.tr/develop/owa/milletvekillerimiz_sd.bilgi?p_donem=27&p_sicil=7596,Mehmet Ruştu TİRYAKİ,HDP,E,BATMAN
Batman,https://www.tbmm.gov.tr/develop/owa/milletvekillerimiz_sd.bilgi?p_donem=27&p_sicil=7613,Necdet İPEKYÜZ,HDP,E,BATMAN
Batman,https://www.tbmm.gov.tr/develop/owa/milletvekillerimiz_sd.bilgi?p_donem=27&p_sicil=6730,Ziver ÖZDEMİR,AK Parti,E,BATMAN
Bayburt,https://www.tbmm.gov.tr/develop/owa/milletvekillerimiz_sd.bilgi?p_donem=27&p_sicil=6110,Fetani BATTAL,AK Parti,E,BAYBURT
Bilecik,https://www.tbmm.gov.tr/develop/owa/milletvekillerimiz_sd.bilgi?p_donem=27&p_sicil=7522,Selim YAĞCI,AK Parti,E,BILECIK
Bilecik,https://www.tbmm.gov.tr/develop/owa/milletvekillerimiz_sd.bilgi?p_donem=27&p_sicil=6062,Yaşar TÜZÜN,CHP,E,BILECIK
Bingöl,https://www.tbmm.gov.tr/develop/owa/milletvekillerimiz_sd.bilgi?p_donem=27&p_sicil=6577,Cevdet YILMAZ,AK Parti,E,BINGOL
Bingöl,https://www.tbmm.gov.tr/develop/owa/milletvekillerimiz_sd.bilgi?p_donem=27&p_sicil=7682,Erdal AYDEMİR,HDP,E,BINGOL
Bingöl,https://www.tbmm.gov.tr/develop/owa/milletvekillerimiz_sd.bilgi?p_donem=27&p_sicil=6157,Feyzi BERDİBEK,AK Parti,E,BINGOL
Bitlis,https://www.tbmm.gov.tr/develop/owa/milletvekillerimiz_sd.bilgi?p_donem=27&p_sicil=6389,Cemal TAŞAR,AK Parti,E,BITLIS
Bitlis,https://www.tbmm.gov.tr/develop/owa/milletvekillerimiz_sd.bilgi?p_donem=27&p_sicil=7152,Mahmut Celadet GAYDALI,HDP,E,BITLIS
Bitlis,https://www.tbmm.gov.tr/develop/owa/milletvekillerimiz_sd.bilgi?p_donem=27&p_sicil=6266,Vahit KİLER,AK Parti,E,BITLIS
Bolu,https://www.tbmm.gov.tr/develop/owa/milletvekillerimiz_sd.bilgi?p_donem=27&p_sicil=7598,Arzu AYDIN,AK Parti,K,BOLU
Bolu,https://www.tbmm.gov.tr/develop/owa/milletvekillerimiz_sd.bilgi?p_donem=27&p_sicil=6751,Fehmi KÜPÇÜ,AK Parti,E,BOLU
Burdur,https://www.tbmm.gov.tr/develop/owa/milletvekillerimiz_sd.bilgi?p_donem=27&p_sicil=6112,Bayram ÖZÇELİK,AK Parti,E,BURDUR
Burdur,https://www.tbmm.gov.tr/develop/owa/milletvekillerimiz_sd.bilgi?p_donem=27&p_sicil=6986,Mehmet GÖKER,CHP,E,BURDUR
Burdur,https://www.tbmm.gov.tr/develop/owa/milletvekillerimiz_sd.bilgi?p_donem=27&p_sicil=7541,Yasin UĞUR,AK Parti,E,BURDUR
Bursa,https://www.tbmm.gov.tr/develop/owa/milletvekillerimiz_sd.bilgi?p_donem=27&p_sicil=7550,Ahmet KILIÇ,AK Parti,E,BURSA
Bursa,https://www.tbmm.gov.tr/develop/owa/milletvekillerimiz_sd.bilgi?p_donem=27&p_sicil=7605,Ahmet Kamil EROZAN,İYİ Parti,E,BURSA
Bursa,https://www.tbmm.gov.tr/develop/owa/milletvekillerimiz_sd.bilgi?p_donem=27&p_sicil=7539,Atilla ÖDÜNÇ,AK Parti,E,BURSA
Bursa,https://www.tbmm.gov.tr/develop/owa/milletvekillerimiz_sd.bilgi?p_donem=27&p_sicil=80072,Efkan ALA,AK Parti,E,BURSA
Bursa,https://www.tbmm.gov.tr/develop/owa/milletvekillerimiz_sd.bilgi?p_donem=27&p_sicil=7127,Emine YAVUZ GÖZGEÇ,AK Parti,K,BURSA
Bursa,https://www.tbmm.gov.tr/develop/owa/milletvekillerimiz_sd.bilgi?p_donem=27&p_sicil=7261,Erkan AYDIN,CHP,E,BURSA
Bursa,https://www.tbmm.gov.tr/develop/owa/milletvekillerimiz_sd.bilgi?p_donem=27&p_sicil=6843,Hakan ÇAVUŞOĞLU,AK Parti,E,BURSA
Bursa,https://www.tbmm.gov.tr/develop/owa/milletvekillerimiz_sd.bilgi?p_donem=27&p_sicil=7478,İsmail TATLIOĞLU,İYİ Parti,E,BURSA
Bursa,https://www.tbmm.gov.tr/develop/owa/milletvekillerimiz_sd.bilgi?p_donem=27&p_sicil=6444,İsmet BÜYÜKATAMAN,MHP,E,BURSA
Bursa,https://www.tbmm.gov.tr/develop/owa/milletvekillerimiz_sd.bilgi?p_donem=27&p_sicil=7258,Lale KARABIYIK,CHP,K,BURSA
Bursa,https://www.tbmm.gov.tr/develop/owa/milletvekillerimiz_sd.bilgi?p_donem=27&p_sicil=7394,Muhammet Müfit AYDIN,AK Parti,E,BURSA
Bursa,https://www.tbmm.gov.tr/develop/owa/milletvekillerimiz_sd.bilgi?p_donem=27&p_sicil=7537,Mustafa ESGİN,AK Parti,E,BURSA
Bursa,https://www.tbmm.gov.tr/develop/owa/milletvekillerimiz_sd.bilgi?p_donem=27&p_sicil=7538,Mustafa Hidayet VAHAPOĞLU,MHP,E,BURSA
Bursa,https://www.tbmm.gov.tr/develop/owa/milletvekillerimiz_sd.bilgi?p_donem=27&p_sicil=7241,Nurhayat ALTACA KAYIŞOĞLU,CHP,K,BURSA
Bursa,https://www.tbmm.gov.tr/develop/owa/milletvekillerimiz_sd.bilgi?p_donem=27&p_sicil=7278,Orhan SARIBAL,CHP,E,BURSA
Bursa,https://www.tbmm.gov.tr/develop/owa/milletvekillerimiz_sd.bilgi?p_donem=27&p_sicil=7405,Osman MESTEN,AK Parti,E,BURSA
Bursa,https://www.tbmm.gov.tr/develop/owa/milletvekillerimiz_sd.bilgi?p_donem=27&p_sicil=7549,Refik ÖZEN,AK Parti,E,BURSA
Bursa,https://www.tbmm.gov.tr/develop/owa/milletvekillerimiz_sd.bilgi?p_donem=27&p_sicil=7551,Vildan YILMAZ GÜREL,AK Parti,K,BURSA
Bursa,https://www.tbmm.gov.tr/develop/owa/milletvekillerimiz_sd.bilgi?p_donem=27&p_sicil=7431,Yüksel ÖZKAN,CHP,E,BURSA
Bursa,https://www.tbmm.gov.tr/develop/owa/milletvekillerimiz_sd.bilgi?p_donem=27&p_sicil=7525,Zafer IŞIK,AK Parti,E,BURSA
Çanakkale,https://www.tbmm.gov.tr/develop/owa/milletvekillerimiz_sd.bilgi?p_donem=27&p_sicil=6771,Bülent TURAN,AK Parti,E,CANAKKALE
Çanakkale,https://www.tbmm.gov.tr/develop/owa/milletvekillerimiz_sd.bilgi?p_donem=27&p_sicil=7677,Jülide İSKENDEROĞLU,AK Parti,K,CANAKKALE
Çanakkale,https://www.tbmm.gov.tr/develop/owa/milletvekillerimiz_sd.bilgi?p_donem=27&p_sicil=7218,Muharrem ERKEK,CHP,E,CANAKKALE
Çanakkale,https://www.tbmm.gov.tr/develop/owa/milletvekillerimiz_sd.bilgi?p_donem=27&p_sicil=7670,Özgür CEYLAN,CHP,E,CANAKKALE
Çankırı,https://www.tbmm.gov.tr/develop/owa/milletvekillerimiz_sd.bilgi?p_donem=27&p_sicil=7149,Muhammet Emin AKBAŞOĞLU,AK Parti,E,CANKIRI
Çankırı,https://www.tbmm.gov.tr/develop/owa/milletvekillerimiz_sd.bilgi?p_donem=27&p_sicil=7407,Salim ÇİVİTCİOĞLU,AK Parti,E,CANKIRI
Çorum,https://www.tbmm.gov.tr/develop/owa/milletvekillerimiz_sd.bilgi?p_donem=27&p_sicil=7319,Ahmet Sami CEYLAN,AK Parti,E,CORUM
Çorum,https://www.tbmm.gov.tr/develop/owa/milletvekillerimiz_sd.bilgi?p_donem=27&p_sicil=7487,Erol KAVUNCU,AK Parti,E,CORUM
Çorum,https://www.tbmm.gov.tr/develop/owa/milletvekillerimiz_sd.bilgi?p_donem=27&p_sicil=7488,Oğuzhan KAYA,AK Parti,E,CORUM
Çorum,https://www.tbmm.gov.tr/develop/owa/milletvekillerimiz_sd.bilgi?p_donem=27&p_sicil=6803,Tufan KÖSE,CHP,E,CORUM
Denizli,https://www.tbmm.gov.tr/develop/owa/milletvekillerimiz_sd.bilgi?p_donem=27&p_sicil=7637,Ahmet YILDIZ,AK Parti,E,DENIZLI
Denizli,https://www.tbmm.gov.tr/develop/owa/milletvekillerimiz_sd.bilgi?p_donem=27&p_sicil=7380,Cahit ÖZKAN,AK Parti,E,DENIZLI
Denizli,https://www.tbmm.gov.tr/develop/owa/milletvekillerimiz_sd.bilgi?p_donem=27&p_sicil=7115,Gülizar BİÇER KARACA,CHP,K,DENIZLI
Denizli,https://www.tbmm.gov.tr/develop/owa/milletvekillerimiz_sd.bilgi?p_donem=27&p_sicil=7625,Haşim Teoman SANCAR,CHP,E,DENIZLI
Denizli,https://www.tbmm.gov.tr/develop/owa/milletvekillerimiz_sd.bilgi?p_donem=27&p_sicil=7638,Nilgün ÖK,AK Parti,K,DENIZLI
Denizli,https://www.tbmm.gov.tr/develop/owa/milletvekillerimiz_sd.bilgi?p_donem=27&p_sicil=7379,Şahin TİN,AK Parti,E,DENIZLI
Denizli,https://www.tbmm.gov.tr/develop/owa/milletvekillerimiz_sd.bilgi?p_donem=27&p_sicil=7483,Yasin ÖZTÜRK,İYİ Parti,E,DENIZLI
Diyarbakır,https://www.tbmm.gov.tr/develop/owa/milletvekillerimiz_sd.bilgi?p_donem=27&p_sicil=7645,Dersim DAĞ,HDP,K,DIYARBAKIR
Diyarbakır,https://www.tbmm.gov.tr/develop/owa/milletvekillerimiz_sd.bilgi?p_donem=27&p_sicil=7395,Ebubekir BAL,AK Parti,E,DIYARBAKIR
Diyarbakır,https://www.tbmm.gov.tr/develop/owa/milletvekillerimiz_sd.bilgi?p_donem=27&p_sicil=7274,Garo PAYLAN,HDP,E,DIYARBAKIR
Diyarbakır,https://www.tbmm.gov.tr/develop/owa/milletvekillerimiz_sd.bilgi?p_donem=27&p_sicil=7153,Hişyar ÖZSOY,HDP,E,DIYARBAKIR
Diyarbakır,https://www.tbmm.gov.tr/develop/owa/milletvekillerimiz_sd.bilgi?p_donem=27&p_sicil=7090,İmam TAŞÇIER,HDP,E,DIYARBAKIR
Diyarbakır,https://www.tbmm.gov.tr/develop/owa/milletvekillerimiz_sd.bilgi?p_donem=27&p_sicil=6123,Mehmet Mehdi EKER,AK Parti,E,DIYARBAKIR
Diyarbakır,https://www.tbmm.gov.tr/develop/owa/milletvekillerimiz_sd.bilgi?p_donem=27&p_sicil=6939,Oya ERONAT,AK Parti,K,DIYARBAKIR
Diyarbakır,https://www.tbmm.gov.tr/develop/owa/milletvekillerimiz_sd.bilgi?p_donem=27&p_sicil=7617,Remziye TOSUN,HDP,K,DIYARBAKIR
Diyarbakır,https://www.tbmm.gov.tr/develop/owa/milletvekillerimiz_sd.bilgi?p_donem=27&p_sicil=7667,Salihe AYDENİZ,DBP,K,DIYARBAKIR
Diyarbakır,https://www.tbmm.gov.tr/develop/owa/milletvekillerimiz_sd.bilgi?p_donem=27&p_sicil=7618,Semra GÜZEL,HDP,K,DIYARBAKIR
Düzce,https://www.tbmm.gov.tr/develop/owa/milletvekillerimiz_sd.bilgi?p_donem=27&p_sicil=7106,Ayşe KEŞİR,AK Parti,K,DUZCE
Düzce,https://www.tbmm.gov.tr/develop/owa/milletvekillerimiz_sd.bilgi?p_donem=27&p_sicil=6198,Fahri ÇAKIR,AK Parti,E,DUZCE
Düzce,https://www.tbmm.gov.tr/develop/owa/milletvekillerimiz_sd.bilgi?p_donem=27&p_sicil=7608,Ümit YILMAZ,MHP,E,DUZCE
Edirne,https://www.tbmm.gov.tr/develop/owa/milletvekillerimiz_sd.bilgi?p_donem=27&p_sicil=7536,Fatma AKSAL,AK Parti,K,EDIRNE
Edirne,https://www.tbmm.gov.tr/develop/owa/milletvekillerimiz_sd.bilgi?p_donem=27&p_sicil=7103,Okan GAYTANCIOĞLU,CHP,E,EDIRNE
Edirne,https://www.tbmm.gov.tr/develop/owa/milletvekillerimiz_sd.bilgi?p_donem=27&p_sicil=7575,Orhan ÇAKIRLAR,İYİ Parti,E,EDIRNE
Elazığ,https://www.tbmm.gov.tr/develop/owa/milletvekillerimiz_sd.bilgi?p_donem=27&p_sicil=7383,Gürsel EROL,CHP,E,ELAZIG
Elazığ,https://www.tbmm.gov.tr/develop/owa/milletvekillerimiz_sd.bilgi?p_donem=27&p_sicil=7285,Metin BULUT,AK Parti,E,ELAZIG
Elazığ,https://www.tbmm.gov.tr/develop/owa/milletvekillerimiz_sd.bilgi?p_donem=27&p_sicil=6761,Sermin BALIK,AK Parti,K,ELAZIG
Elazığ,https://www.tbmm.gov.tr/develop/owa/milletvekillerimiz_sd.bilgi?p_donem=27&p_sicil=6097,Zülfü DEMİRBAĞ,AK Parti,E,ELAZIG
Elazığ,https://www.tbmm.gov.tr/develop/owa/milletvekillerimiz_sd.bilgi?p_donem=27&p_sicil=7672,Zülfü Tolga AĞAR,AK Parti,E,ELAZIG
Erzincan,https://www.tbmm.gov.tr/develop/owa/milletvekillerimiz_sd.bilgi?p_donem=27&p_sicil=7472,Burhan ÇAKIR,AK Parti,E,ERZINCAN
Erzincan,https://www.tbmm.gov.tr/develop/owa/milletvekillerimiz_sd.bilgi?p_donem=27&p_sicil=7473,Süleyman KARAMAN,AK Parti,E,ERZINCAN
Erzurum,https://www.tbmm.gov.tr/develop/owa/milletvekillerimiz_sd.bilgi?p_donem=27&p_sicil=7038,İbrahim AYDEMİR,AK Parti,E,ERZURUM
Erzurum,https://www.tbmm.gov.tr/develop/owa/milletvekillerimiz_sd.bilgi?p_donem=27&p_sicil=6996,Kamil AYDIN,MHP,E,ERZURUM
Erzurum,https://www.tbmm.gov.tr/develop/owa/milletvekillerimiz_sd.bilgi?p_donem=27&p_sicil=7484,Muhammet Naci CİNİSLİ,İYİ Parti,E,ERZURUM
Erzurum,https://www.tbmm.gov.tr/develop/owa/milletvekillerimiz_sd.bilgi?p_donem=27&p_sicil=6331,Recep AKDAĞ,AK Parti,E,ERZURUM
Erzurum,https://www.tbmm.gov.tr/develop/owa/milletvekillerimiz_sd.bilgi?p_donem=27&p_sicil=7315,Selami ALTINOK,AK Parti,E,ERZURUM
Erzurum,https://www.tbmm.gov.tr/develop/owa/milletvekillerimiz_sd.bilgi?p_donem=27&p_sicil=7074,Zehra TAŞKESENLİOĞLU BAN,AK Parti,K,ERZURUM
Eskişehir,https://www.tbmm.gov.tr/develop/owa/milletvekillerimiz_sd.bilgi?p_donem=27&p_sicil=7430,Arslan KABUKCUOĞLU,İYİ Parti,E,ESKISEHIR
Eskişehir,https://www.tbmm.gov.tr/develop/owa/milletvekillerimiz_sd.bilgi?p_donem=27&p_sicil=7390,Emine Nur GÜNAY,AK Parti,K,ESKISEHIR
Eskişehir,https://www.tbmm.gov.tr/develop/owa/milletvekillerimiz_sd.bilgi?p_donem=27&p_sicil=7389,Harun KARACAN,AK Parti,E,ESKISEHIR
Eskişehir,https://www.tbmm.gov.tr/develop/owa/milletvekillerimiz_sd.bilgi?p_donem=27&p_sicil=7432,Jale Nur SÜLLÜ,CHP,K,ESKISEHIR
Eskişehir,https://www.tbmm.gov.tr/develop/owa/milletvekillerimiz_sd.bilgi?p_donem=27&p_sicil=7421,Metin Nurullah SAZAK,MHP,E,ESKISEHIR
Eskişehir,https://www.tbmm.gov.tr/develop/owa/milletvekillerimiz_sd.bilgi?p_donem=27&p_sicil=6804,Nabi AVCI,AK Parti,E,ESKISEHIR
Eskişehir,https://www.tbmm.gov.tr/develop/owa/milletvekillerimiz_sd.bilgi?p_donem=27&p_sicil=7123,Utku ÇAKIRÖZER,CHP,E,ESKISEHIR
Gaziantep,https://www.tbmm.gov.tr/develop/owa/milletvekillerimiz_sd.bilgi?p_donem=27&p_sicil=6763,Abdullah Nejat KOÇER,AK Parti,E,GAZIANTEP
Gaziantep,https://www.tbmm.gov.tr/develop/owa/milletvekillerimiz_sd.bilgi?p_donem=27&p_sicil=6158,Ahmet UZER,AK Parti,E,GAZIANTEP
Gaziantep,https://www.tbmm.gov.tr/develop/owa/milletvekillerimiz_sd.bilgi?p_donem=27&p_sicil=6770,Ali ŞAHİN,AK Parti,E,GAZIANTEP
Gaziantep,https://www.tbmm.gov.tr/develop/owa/milletvekillerimiz_sd.bilgi?p_donem=27&p_sicil=7412,Ali Muhittin TAŞDOĞAN,MHP,E,GAZIANTEP
Gaziantep,https://www.tbmm.gov.tr/develop/owa/milletvekillerimiz_sd.bilgi?p_donem=27&p_sicil=7664,Bayram YILMAZKAYA,CHP,E,GAZIANTEP
Gaziantep,https://www.tbmm.gov.tr/develop/owa/milletvekillerimiz_sd.bilgi?p_donem=27&p_sicil=6766,Derya BAKBAK,AK Parti,K,GAZIANTEP
Gaziantep,https://www.tbmm.gov.tr/develop/owa/milletvekillerimiz_sd.bilgi?p_donem=27&p_sicil=7524,İmam Hüseyin FİLİZ,İYİ Parti,E,GAZIANTEP
Gaziantep,https://www.tbmm.gov.tr/develop/owa/milletvekillerimiz_sd.bilgi?p_donem=27&p_sicil=7456,İrfan KAPLAN,CHP,E,GAZIANTEP
Gaziantep,https://www.tbmm.gov.tr/develop/owa/milletvekillerimiz_sd.bilgi?p_donem=27&p_sicil=7260,Mahmut TOĞRUL,HDP,E,GAZIANTEP
Gaziantep,https://www.tbmm.gov.tr/develop/owa/milletvekillerimiz_sd.bilgi?p_donem=27&p_sicil=6506,Mehmet ERDOĞAN,AK Parti,E,GAZIANTEP
Gaziantep,https://www.tbmm.gov.tr/develop/owa/milletvekillerimiz_sd.bilgi?p_donem=27&p_sicil=7508,Mehmet Sait KİRAZOĞLU,AK Parti,E,GAZIANTEP
Gaziantep,https://www.tbmm.gov.tr/develop/owa/milletvekillerimiz_sd.bilgi?p_donem=27&p_sicil=7506,Müslüm YÜKSEL,AK Parti,E,GAZIANTEP
Gaziantep,https://www.tbmm.gov.tr/develop/owa/milletvekillerimiz_sd.bilgi?p_donem=27&p_sicil=7410,Sermet ATAY,MHP,E,GAZIANTEP
Giresun,https://www.tbmm.gov.tr/develop/owa/milletvekillerimiz_sd.bilgi?p_donem=27&p_sicil=7373,Cemal ÖZTÜRK,AK Parti,E,GIRESUN
Giresun,https://www.tbmm.gov.tr/develop/owa/milletvekillerimiz_sd.bilgi?p_donem=27&p_sicil=7442,Kadir AYDIN,AK Parti,E,GIRESUN
Giresun,https://www.tbmm.gov.tr/develop/owa/milletvekillerimiz_sd.bilgi?p_donem=27&p_sicil=7603,Necati TIĞLI,CHP,E,GIRESUN
Giresun,https://www.tbmm.gov.tr/develop/owa/milletvekillerimiz_sd.bilgi?p_donem=27&p_sicil=7374,Sabri ÖZTÜRK,AK Parti,E,GIRESUN
Gümüşhane,https://www.tbmm.gov.tr/develop/owa/milletvekillerimiz_sd.bilgi?p_donem=27&p_sicil=7320,Cihan PEKTAŞ,AK Parti,E,GUMUSHANE
Gümüşhane,https://www.tbmm.gov.tr/develop/owa/milletvekillerimiz_sd.bilgi?p_donem=27&p_sicil=7327,Hacı Osman AKGÜL,AK Parti,E,GUMUSHANE
Hakkari,https://www.tbmm.gov.tr/develop/owa/milletvekillerimiz_sd.bilgi?p_donem=27&p_sicil=7607,Husret DİNÇ,AK Parti,E,HAKKARI
Hakkari,https://www.tbmm.gov.tr/develop/owa/milletvekillerimiz_sd.bilgi?p_donem=27&p_sicil=7646,Sait DEDE,HDP,E,HAKKARI
Hatay,https://www.tbmm.gov.tr/develop/owa/milletvekillerimiz_sd.bilgi?p_donem=27&p_sicil=7528,Abdulkadir ÖZEL,AK Parti,E,HATAY
Hatay,https://www.tbmm.gov.tr/develop/owa/milletvekillerimiz_sd.bilgi?p_donem=27&p_sicil=7680,Barış Atay MENGÜLLÜOĞLU,TİP,E,HATAY
Hatay,https://www.tbmm.gov.tr/develop/owa/milletvekillerimiz_sd.bilgi?p_donem=27&p_sicil=6736,Hacı Bayram TÜRKOĞLU,AK Parti,E,HATAY
Hatay,https://www.tbmm.gov.tr/develop/owa/milletvekillerimiz_sd.bilgi?p_donem=27&p_sicil=7529,Hüseyin ŞANVERDİ,AK Parti,E,HATAY
Hatay,https://www.tbmm.gov.tr/develop/owa/milletvekillerimiz_sd.bilgi?p_donem=27&p_sicil=7281,Hüseyin YAYMAN,AK Parti,E,HATAY
Hatay,https://www.tbmm.gov.tr/develop/owa/milletvekillerimiz_sd.bilgi?p_donem=27&p_sicil=7486,İsmet TOKDEMİR,CHP,E,HATAY
Hatay,https://www.tbmm.gov.tr/develop/owa/milletvekillerimiz_sd.bilgi?p_donem=27&p_sicil=7628,Lütfi KAŞIKÇI,MHP,E,HATAY
Hatay,https://www.tbmm.gov.tr/develop/owa/milletvekillerimiz_sd.bilgi?p_donem=27&p_sicil=7485,Mehmet GÜZELMANSUR,CHP,E,HATAY
Hatay,https://www.tbmm.gov.tr/develop/owa/milletvekillerimiz_sd.bilgi?p_donem=27&p_sicil=7530,Sabahat ÖZGÜRSOY ÇELİK,AK Parti,K,HATAY
Hatay,https://www.tbmm.gov.tr/develop/owa/milletvekillerimiz_sd.bilgi?p_donem=27&p_sicil=7185,Serkan TOPAL,CHP,E,HATAY
Hatay,https://www.tbmm.gov.tr/develop/owa/milletvekillerimiz_sd.bilgi?p_donem=27&p_sicil=7558,Suzan ŞAHİN,CHP,K,HATAY
Iğdır,https://www.tbmm.gov.tr/develop/owa/milletvekillerimiz_sd.bilgi?p_donem=27&p_sicil=7593,Habip EKSİK,HDP,E,IGDIR
Iğdır,https://www.tbmm.gov.tr/develop/owa/milletvekillerimiz_sd.bilgi?p_donem=27&p_sicil=7552,Yaşar KARADAĞ,MHP,E,IGDIR
Isparta,https://www.tbmm.gov.tr/develop/owa/milletvekillerimiz_sd.bilgi?p_donem=27&p_sicil=7599,Aylin CESUR,İYİ Parti,K,ISPARTA
Isparta,https://www.tbmm.gov.tr/develop/owa/milletvekillerimiz_sd.bilgi?p_donem=27&p_sicil=7512,Mehmet Uğur GÖKGÖZ,AK Parti,E,ISPARTA
Isparta,https://www.tbmm.gov.tr/develop/owa/milletvekillerimiz_sd.bilgi?p_donem=27&p_sicil=6089,Recep ÖZEL,AK Parti,E,ISPARTA
Isparta,https://www.tbmm.gov.tr/develop/owa/milletvekillerimiz_sd.bilgi?p_donem=27&p_sicil=6378,Süreyya Sadi BİLGİÇ,AK Parti,E,ISPARTA
İstanbul,https://www.tbmm.gov.tr/develop/owa/milletvekillerimiz_sd.bilgi?p_donem=27&p_sicil=5464,Abdul Ahat ANDİCAN,İYİ Parti,E,ISTANBUL
İstanbul,https://www.tbmm.gov.tr/develop/owa/milletvekillerimiz_sd.bilgi?p_donem=27&p_sicil=7655,Abdullah GÜLER,AK Parti,E,ISTANBUL
İstanbul,https://www.tbmm.gov.tr/develop/owa/milletvekillerimiz_sd.bilgi?p_donem=27&p_sicil=7505,Ahmet ÇELİK,İYİ Parti,E,ISTANBUL
İstanbul,https://www.tbmm.gov.tr/develop/owa/milletvekillerimiz_sd.bilgi?p_donem=27&p_sicil=7559,Ahmet ŞIK,BAĞIMSIZ,E,ISTANBUL
İstanbul,https://www.tbmm.gov.tr/develop/owa/milletvekillerimiz_sd.bilgi?p_donem=27&p_sicil=6897,Ahmet Berat ÇONKAR,AK Parti,E,ISTANBUL
İstanbul,https://www.tbmm.gov.tr/develop/owa/milletvekillerimiz_sd.bilgi?p_donem=27&p_sicil=7376,Ahmet Hamdi ÇAMLI,AK Parti,E,ISTANBUL
İstanbul,https://www.tbmm.gov.tr/develop/owa/milletvekillerimiz_sd.bilgi?p_donem=27&p_sicil=7493,Ahmet Mücahit ARINÇ,AK Parti,E,ISTANBUL
İstanbul,https://www.tbmm.gov.tr/develop/owa/milletvekillerimiz_sd.bilgi?p_donem=27&p_sicil=7574,Ahmet Ünal ÇEVİKÖZ,CHP,E,ISTANBUL
İstanbul,https://www.tbmm.gov.tr/develop/owa/milletvekillerimiz_sd.bilgi?p_donem=27&p_sicil=6662,Akif Çağatay KILIÇ,AK Parti,E,ISTANBUL
İstanbul,https://www.tbmm.gov.tr/develop/owa/milletvekillerimiz_sd.bilgi?p_donem=27&p_sicil=6624,Alev DEDEGİL,AK Parti,K,ISTANBUL
İstanbul,https://www.tbmm.gov.tr/develop/owa/milletvekillerimiz_sd.bilgi?p_donem=27&p_sicil=7141,Ali KENANOĞLU,HDP,E,ISTANBUL
İstanbul,https://www.tbmm.gov.tr/develop/owa/milletvekillerimiz_sd.bilgi?p_donem=27&p_sicil=7294,Ali ŞEKER,CHP,E,ISTANBUL
İstanbul,https://www.tbmm.gov.tr/develop/owa/milletvekillerimiz_sd.bilgi?p_donem=27&p_sicil=7122,Arzu ERDEM,MHP,K,ISTANBUL
İstanbul,https://www.tbmm.gov.tr/develop/owa/milletvekillerimiz_sd.bilgi?p_donem=27&p_sicil=6748,Aykut ERDOĞDU,CHP,E,ISTANBUL
İstanbul,https://www.tbmm.gov.tr/develop/owa/milletvekillerimiz_sd.bilgi?p_donem=27&p_sicil=7307,Aziz BABUŞCU,AK Parti,E,ISTANBUL
İstanbul,https://www.tbmm.gov.tr/develop/owa/milletvekillerimiz_sd.bilgi?p_donem=27&p_sicil=6623,Canan KALSIN,AK Parti,K,ISTANBUL
İstanbul,https://www.tbmm.gov.tr/develop/owa/milletvekillerimiz_sd.bilgi?p_donem=27&p_sicil=5687,Celal ADAN,MHP,E,ISTANBUL
İstanbul,https://www.tbmm.gov.tr/develop/owa/milletvekillerimiz_sd.bilgi?p_donem=27&p_sicil=7527,Cemal ÇETİN,MHP,E,ISTANBUL
İstanbul,https://www.tbmm.gov.tr/develop/owa/milletvekillerimiz_sd.bilgi?p_donem=27&p_sicil=7586,Dilşat CANBAZ KAYA,HDP,K,ISTANBUL
İstanbul,https://www.tbmm.gov.tr/develop/owa/milletvekillerimiz_sd.bilgi?p_donem=27&p_sicil=6726,Edip Semih YALÇIN,MHP,E,ISTANBUL
İstanbul,https://www.tbmm.gov.tr/develop/owa/milletvekillerimiz_sd.bilgi?p_donem=27&p_sicil=7623,Emine Gülizar EMECAN,CHP,K,ISTANBUL
İstanbul,https://www.tbmm.gov.tr/develop/owa/milletvekillerimiz_sd.bilgi?p_donem=27&p_sicil=7509,Emine Sare AYDIN,AK Parti,K,ISTANBUL
İstanbul,https://www.tbmm.gov.tr/develop/owa/milletvekillerimiz_sd.bilgi?p_donem=27&p_sicil=6030,Engin ALTAY,CHP,E,ISTANBUL
İstanbul,https://www.tbmm.gov.tr/develop/owa/milletvekillerimiz_sd.bilgi?p_donem=27&p_sicil=5486,Erdoğan TOPRAK,CHP,E,ISTANBUL
İstanbul,https://www.tbmm.gov.tr/develop/owa/milletvekillerimiz_sd.bilgi?p_donem=27&p_sicil=7642,Erkan BAŞ,TİP,E,ISTANBUL
İstanbul,https://www.tbmm.gov.tr/develop/owa/milletvekillerimiz_sd.bilgi?p_donem=27&p_sicil=7146,Erkan KANDEMİR,AK Parti,E,ISTANBUL
İstanbul,https://www.tbmm.gov.tr/develop/owa/milletvekillerimiz_sd.bilgi?p_donem=27&p_sicil=7681,Erol KATIRCIOĞLU,HDP,E,ISTANBUL
İstanbul,https://www.tbmm.gov.tr/develop/owa/milletvekillerimiz_sd.bilgi?p_donem=27&p_sicil=6883,Erol KAYA,AK Parti,E,ISTANBUL
İstanbul,https://www.tbmm.gov.tr/develop/owa/milletvekillerimiz_sd.bilgi?p_donem=27&p_sicil=7469,Eyüp ÖZSOY,AK Parti,E,ISTANBUL
İstanbul,https://www.tbmm.gov.tr/develop/owa/milletvekillerimiz_sd.bilgi?p_donem=27&p_sicil=7475,Fatih Mehmet ŞEKER,BAĞIMSIZ,E,ISTANBUL
İstanbul,https://www.tbmm.gov.tr/develop/owa/milletvekillerimiz_sd.bilgi?p_donem=27&p_sicil=7669,Fatih Süleyman DENİZOLGUN,AK Parti,E,ISTANBUL
İstanbul,https://www.tbmm.gov.tr/develop/owa/milletvekillerimiz_sd.bilgi?p_donem=27&p_sicil=7401,Fatma Betül SAYAN KAYA,AK Parti,K,ISTANBUL
İstanbul,https://www.tbmm.gov.tr/develop/owa/milletvekillerimiz_sd.bilgi?p_donem=27&p_sicil=7630,Fethi AÇIKEL,CHP,E,ISTANBUL
İstanbul,https://www.tbmm.gov.tr/develop/owa/milletvekillerimiz_sd.bilgi?p_donem=27&p_sicil=7519,Feti YILDIZ,MHP,E,ISTANBUL
İstanbul,https://www.tbmm.gov.tr/develop/owa/milletvekillerimiz_sd.bilgi?p_donem=27&p_sicil=7288,Gamze AKKUŞ İLGEZDİ,CHP,K,ISTANBUL
İstanbul,https://www.tbmm.gov.tr/develop/owa/milletvekillerimiz_sd.bilgi?p_donem=27&p_sicil=7480,Gökan ZEYBEK,CHP,E,ISTANBUL
İstanbul,https://www.tbmm.gov.tr/develop/owa/milletvekillerimiz_sd.bilgi?p_donem=27&p_sicil=6836,Gürsel TEKİN,CHP,E,ISTANBUL
İstanbul,https://www.tbmm.gov.tr/develop/owa/milletvekillerimiz_sd.bilgi?p_donem=27&p_sicil=7063,Hakkı Saruhan OLUÇ,HDP,E,ISTANBUL
İstanbul,https://www.tbmm.gov.tr/develop/owa/milletvekillerimiz_sd.bilgi?p_donem=27&p_sicil=7075,Halis DALKILIÇ,AK Parti,E,ISTANBUL
İstanbul,https://www.tbmm.gov.tr/develop/owa/milletvekillerimiz_sd.bilgi?p_donem=27&p_sicil=7349,Hasan TURAN,AK Parti,E,ISTANBUL
İstanbul,https://www.tbmm.gov.tr/develop/owa/milletvekillerimiz_sd.bilgi?p_donem=27&p_sicil=7411,Hayati ARKAZ,MHP,E,ISTANBUL
İstanbul,https://www.tbmm.gov.tr/develop/owa/milletvekillerimiz_sd.bilgi?p_donem=27&p_sicil=7513,Hayrettin NUHOĞLU,İYİ Parti,E,ISTANBUL
İstanbul,https://www.tbmm.gov.tr/develop/owa/milletvekillerimiz_sd.bilgi?p_donem=27&p_sicil=7368,Hulusi ŞENTÜRK,AK Parti,E,ISTANBUL
İstanbul,https://www.tbmm.gov.tr/develop/owa/milletvekillerimiz_sd.bilgi?p_donem=27&p_sicil=7221,Hüda KAYA,HDP,K,ISTANBUL
İstanbul,https://www.tbmm.gov.tr/develop/owa/milletvekillerimiz_sd.bilgi?p_donem=27&p_sicil=7658,İbrahim Özden KABOĞLU,CHP,E,ISTANBUL
İstanbul,https://www.tbmm.gov.tr/develop/owa/milletvekillerimiz_sd.bilgi?p_donem=27&p_sicil=7507,İffet POLAT,AK Parti,K,ISTANBUL
İstanbul,https://www.tbmm.gov.tr/develop/owa/milletvekillerimiz_sd.bilgi?p_donem=27&p_sicil=5397,İlhan KESİCİ,CHP,E,ISTANBUL
İstanbul,https://www.tbmm.gov.tr/develop/owa/milletvekillerimiz_sd.bilgi?p_donem=27&p_sicil=7126,İsmail Faruk AKSU,MHP,E,ISTANBUL
İstanbul,https://www.tbmm.gov.tr/develop/owa/milletvekillerimiz_sd.bilgi?p_donem=27&p_sicil=6952,İsmet UÇMA,AK Parti,E,ISTANBUL
İstanbul,https://www.tbmm.gov.tr/develop/owa/milletvekillerimiz_sd.bilgi?p_donem=27&p_sicil=7167,İzzet Ulvi YÖNTER,MHP,E,ISTANBUL
İstanbul,https://www.tbmm.gov.tr/develop/owa/milletvekillerimiz_sd.bilgi?p_donem=27&p_sicil=6765,Mahmut TANAL,CHP,E,ISTANBUL
İstanbul,https://www.tbmm.gov.tr/develop/owa/milletvekillerimiz_sd.bilgi?p_donem=27&p_sicil=7308,Markar ESEYAN,AK Parti,E,ISTANBUL
İstanbul,https://www.tbmm.gov.tr/develop/owa/milletvekillerimiz_sd.bilgi?p_donem=27&p_sicil=5745,Mehmet BEKAROĞLU,CHP,E,ISTANBUL
İstanbul,https://www.tbmm.gov.tr/develop/owa/milletvekillerimiz_sd.bilgi?p_donem=27&p_sicil=6775,Mehmet MUŞ,AK Parti,E,ISTANBUL
İstanbul,https://www.tbmm.gov.tr/develop/owa/milletvekillerimiz_sd.bilgi?p_donem=27&p_sicil=6069,Mehmet Akif HAMZAÇEBİ,CHP,E,ISTANBUL
İstanbul,https://www.tbmm.gov.tr/develop/owa/milletvekillerimiz_sd.bilgi?p_donem=27&p_sicil=6799,Mehmet Doğan KUBAT,AK Parti,E,ISTANBUL
İstanbul,https://www.tbmm.gov.tr/develop/owa/milletvekillerimiz_sd.bilgi?p_donem=27&p_sicil=7490,Memet Bülent KARATAŞ,MHP,E,ISTANBUL
İstanbul,https://www.tbmm.gov.tr/develop/owa/milletvekillerimiz_sd.bilgi?p_donem=27&p_sicil=6866,Mihrimah Belma SATIR,AK Parti,K,ISTANBUL
İstanbul,https://www.tbmm.gov.tr/develop/owa/milletvekillerimiz_sd.bilgi?p_donem=27&p_sicil=7665,Musa PİROĞLU,HDP,E,ISTANBUL
İstanbul,https://www.tbmm.gov.tr/develop/owa/milletvekillerimiz_sd.bilgi?p_donem=27&p_sicil=6168,Mustafa ATAŞ,AK Parti,E,ISTANBUL
İstanbul,https://www.tbmm.gov.tr/develop/owa/milletvekillerimiz_sd.bilgi?p_donem=27&p_sicil=7504,Mustafa DEMİR,AK Parti,E,ISTANBUL
İstanbul,https://www.tbmm.gov.tr/develop/owa/milletvekillerimiz_sd.bilgi?p_donem=27&p_sicil=7119,Mustafa YENEROĞLU,DEVA,E,ISTANBUL
İstanbul,https://www.tbmm.gov.tr/develop/owa/milletvekillerimiz_sd.bilgi?p_donem=27&p_sicil=6908,Mustafa Sezgin TANRIKULU,CHP,E,ISTANBUL
İstanbul,https://www.tbmm.gov.tr/develop/owa/milletvekillerimiz_sd.bilgi?p_donem=27&p_sicil=7671,Müşerref Pervin Tuba DURGUT,AK Parti,K,ISTANBUL
İstanbul,https://www.tbmm.gov.tr/develop/owa/milletvekillerimiz_sd.bilgi?p_donem=27&p_sicil=7676,Nazır Cihangir İSLAM,BAĞIMSIZ,E,ISTANBUL
İstanbul,https://www.tbmm.gov.tr/develop/owa/milletvekillerimiz_sd.bilgi?p_donem=27&p_sicil=7501,Nevzat ŞATIROĞLU,AK Parti,E,ISTANBUL
İstanbul,https://www.tbmm.gov.tr/develop/owa/milletvekillerimiz_sd.bilgi?p_donem=27&p_sicil=6973,Numan KURTULMUŞ,AK Parti,E,ISTANBUL
İstanbul,https://www.tbmm.gov.tr/develop/owa/milletvekillerimiz_sd.bilgi?p_donem=27&p_sicil=5943,Nurettin CANİKLİ,AK Parti,E,ISTANBUL
İstanbul,https://www.tbmm.gov.tr/develop/owa/milletvekillerimiz_sd.bilgi?p_donem=27&p_sicil=7180,Oğuz Kaan SALICI,CHP,E,ISTANBUL
İstanbul,https://www.tbmm.gov.tr/develop/owa/milletvekillerimiz_sd.bilgi?p_donem=27&p_sicil=7284,Onursal ADIGÜZEL,CHP,E,ISTANBUL
İstanbul,https://www.tbmm.gov.tr/develop/owa/milletvekillerimiz_sd.bilgi?p_donem=27&p_sicil=6896,Osman BOYRAZ,AK Parti,E,ISTANBUL
İstanbul,https://www.tbmm.gov.tr/develop/owa/milletvekillerimiz_sd.bilgi?p_donem=27&p_sicil=7476,Oya ERSOY,HDP,K,ISTANBUL
İstanbul,https://www.tbmm.gov.tr/develop/owa/milletvekillerimiz_sd.bilgi?p_donem=27&p_sicil=7481,Özgür KARABAT,CHP,E,ISTANBUL
İstanbul,https://www.tbmm.gov.tr/develop/owa/milletvekillerimiz_sd.bilgi?p_donem=27&p_sicil=6475,Pervin BULDAN,HDP,K,ISTANBUL
İstanbul,https://www.tbmm.gov.tr/develop/owa/milletvekillerimiz_sd.bilgi?p_donem=27&p_sicil=7309,Ravza KAVAKCI KAN,AK Parti,K,ISTANBUL
İstanbul,https://www.tbmm.gov.tr/develop/owa/milletvekillerimiz_sd.bilgi?p_donem=27&p_sicil=7595,Rümeysa KADAK,AK Parti,K,ISTANBUL
İstanbul,https://www.tbmm.gov.tr/develop/owa/milletvekillerimiz_sd.bilgi?p_donem=27&p_sicil=7660,Saliha Sera KADIGİL SÜTLÜ,CHP,K,ISTANBUL
İstanbul,https://www.tbmm.gov.tr/develop/owa/milletvekillerimiz_sd.bilgi?p_donem=27&p_sicil=7332,Serap YAŞAR,AK Parti,K,ISTANBUL
İstanbul,https://www.tbmm.gov.tr/develop/owa/milletvekillerimiz_sd.bilgi?p_donem=27&p_sicil=7372,Serkan BAYRAM,AK Parti,E,ISTANBUL
İstanbul,https://www.tbmm.gov.tr/develop/owa/milletvekillerimiz_sd.bilgi?p_donem=27&p_sicil=7331,Sibel ÖZDEMİR,CHP,K,ISTANBUL
İstanbul,https://www.tbmm.gov.tr/develop/owa/milletvekillerimiz_sd.bilgi?p_donem=27&p_sicil=5449,Şamil AYRIM,AK Parti,E,ISTANBUL
İstanbul,https://www.tbmm.gov.tr/develop/owa/milletvekillerimiz_sd.bilgi?p_donem=27&p_sicil=6823,Şirin ÜNAL,AK Parti,E,ISTANBUL
İstanbul,https://www.tbmm.gov.tr/develop/owa/milletvekillerimiz_sd.bilgi?p_donem=27&p_sicil=7571,Turan AYDOĞAN,CHP,E,ISTANBUL
İstanbul,https://www.tbmm.gov.tr/develop/owa/milletvekillerimiz_sd.bilgi?p_donem=27&p_sicil=6910,Tülay KAYNARCA,AK Parti,K,ISTANBUL
İstanbul,https://www.tbmm.gov.tr/develop/owa/milletvekillerimiz_sd.bilgi?p_donem=27&p_sicil=7597,Ümit BEYAZ,İYİ Parti,E,ISTANBUL
İstanbul,https://www.tbmm.gov.tr/develop/owa/milletvekillerimiz_sd.bilgi?p_donem=27&p_sicil=6979,Ümit ÖZDAĞ,İYİ Parti,E,ISTANBUL
İstanbul,https://www.tbmm.gov.tr/develop/owa/milletvekillerimiz_sd.bilgi?p_donem=27&p_sicil=6757,Vedat DEMİRÖZ,AK Parti,E,ISTANBUL
İstanbul,https://www.tbmm.gov.tr/develop/owa/milletvekillerimiz_sd.bilgi?p_donem=27&p_sicil=6871,Volkan BOZKIR,AK Parti,E,ISTANBUL
İstanbul,https://www.tbmm.gov.tr/develop/owa/milletvekillerimiz_sd.bilgi?p_donem=27&p_sicil=7532,Yavuz AĞIRALİOĞLU,İYİ Parti,E,ISTANBUL
İstanbul,https://www.tbmm.gov.tr/develop/owa/milletvekillerimiz_sd.bilgi?p_donem=27&p_sicil=7556,Yunus EMRE,CHP,E,ISTANBUL
İstanbul,https://www.tbmm.gov.tr/develop/owa/milletvekillerimiz_sd.bilgi?p_donem=27&p_sicil=7523,Yüksel Mansur KILINÇ,CHP,E,ISTANBUL
İstanbul,https://www.tbmm.gov.tr/develop/owa/milletvekillerimiz_sd.bilgi?p_donem=27&p_sicil=7517,Zafer SIRAKAYA,AK Parti,E,ISTANBUL
İstanbul,https://www.tbmm.gov.tr/develop/owa/milletvekillerimiz_sd.bilgi?p_donem=27&p_sicil=7182,Zeynel EMRE,CHP,E,ISTANBUL
İstanbul,https://www.tbmm.gov.tr/develop/owa/milletvekillerimiz_sd.bilgi?p_donem=27&p_sicil=7585,Zeynel ÖZEN,HDP,E,ISTANBUL
İstanbul,https://www.tbmm.gov.tr/develop/owa/milletvekillerimiz_sd.bilgi?p_donem=27&p_sicil=7587,Züleyha GÜLÜM,HDP,K,ISTANBUL
İzmir,https://www.tbmm.gov.tr/develop/owa/milletvekillerimiz_sd.bilgi?p_donem=27&p_sicil=7220,Ahmet Tuncay ÖZKAN,CHP,E,IZMIR
İzmir,https://www.tbmm.gov.tr/develop/owa/milletvekillerimiz_sd.bilgi?p_donem=27&p_sicil=7342,Atila SERTEL,CHP,E,IZMIR
İzmir,https://www.tbmm.gov.tr/develop/owa/milletvekillerimiz_sd.bilgi?p_donem=27&p_sicil=6779,Aytun ÇIRAY,İYİ Parti,E,IZMIR
İzmir,https://www.tbmm.gov.tr/develop/owa/milletvekillerimiz_sd.bilgi?p_donem=27&p_sicil=7640,Bedri SERTER,CHP,E,IZMIR
İzmir,https://www.tbmm.gov.tr/develop/owa/milletvekillerimiz_sd.bilgi?p_donem=27&p_sicil=6239,Binali YILDIRIM,AK Parti,E,IZMIR
İzmir,https://www.tbmm.gov.tr/develop/owa/milletvekillerimiz_sd.bilgi?p_donem=27&p_sicil=7662,Cemal BEKLE,AK Parti,E,IZMIR
İzmir,https://www.tbmm.gov.tr/develop/owa/milletvekillerimiz_sd.bilgi?p_donem=27&p_sicil=7399,Ceyda BÖLÜNMEZ ÇANKIRI,AK Parti,K,IZMIR
İzmir,https://www.tbmm.gov.tr/develop/owa/milletvekillerimiz_sd.bilgi?p_donem=27&p_sicil=7518,Dursun Müsavat DERVİŞOĞLU,İYİ Parti,E,IZMIR
İzmir,https://www.tbmm.gov.tr/develop/owa/milletvekillerimiz_sd.bilgi?p_donem=27&p_sicil=7496,Ednan ARSLAN,CHP,E,IZMIR
İzmir,https://www.tbmm.gov.tr/develop/owa/milletvekillerimiz_sd.bilgi?p_donem=27&p_sicil=7494,Fehmi Alpay ÖZALAN,AK Parti,E,IZMIR
İzmir,https://www.tbmm.gov.tr/develop/owa/milletvekillerimiz_sd.bilgi?p_donem=27&p_sicil=6875,Hamza DAĞ,AK Parti,E,IZMIR
İzmir,https://www.tbmm.gov.tr/develop/owa/milletvekillerimiz_sd.bilgi?p_donem=27&p_sicil=7458,Hasan KALYONCU,MHP,E,IZMIR
İzmir,https://www.tbmm.gov.tr/develop/owa/milletvekillerimiz_sd.bilgi?p_donem=27&p_sicil=7279,Kamil Okyay SINDIR,CHP,E,IZMIR
İzmir,https://www.tbmm.gov.tr/develop/owa/milletvekillerimiz_sd.bilgi?p_donem=27&p_sicil=7495,Kani BEKO,CHP,E,IZMIR
İzmir,https://www.tbmm.gov.tr/develop/owa/milletvekillerimiz_sd.bilgi?p_donem=27&p_sicil=5982,Kemal KILIÇDAROĞLU,CHP,E,IZMIR
İzmir,https://www.tbmm.gov.tr/develop/owa/milletvekillerimiz_sd.bilgi?p_donem=27&p_sicil=7460,Mahir POLAT,CHP,E,IZMIR
İzmir,https://www.tbmm.gov.tr/develop/owa/milletvekillerimiz_sd.bilgi?p_donem=27&p_sicil=7370,Mahmut Atilla KAYA,AK Parti,E,IZMIR
İzmir,https://www.tbmm.gov.tr/develop/owa/milletvekillerimiz_sd.bilgi?p_donem=27&p_sicil=7644,Mehmet Ali ÇELEBİ,CHP,E,IZMIR
İzmir,https://www.tbmm.gov.tr/develop/owa/milletvekillerimiz_sd.bilgi?p_donem=27&p_sicil=7352,Murat BAKAN,CHP,E,IZMIR
İzmir,https://www.tbmm.gov.tr/develop/owa/milletvekillerimiz_sd.bilgi?p_donem=27&p_sicil=7619,Murat ÇEPNİ,HDP,E,IZMIR
İzmir,https://www.tbmm.gov.tr/develop/owa/milletvekillerimiz_sd.bilgi?p_donem=27&p_sicil=7653,Necip NASIR,AK Parti,E,IZMIR
İzmir,https://www.tbmm.gov.tr/develop/owa/milletvekillerimiz_sd.bilgi?p_donem=27&p_sicil=7255,Özcan PURÇU,CHP,E,IZMIR
İzmir,https://www.tbmm.gov.tr/develop/owa/milletvekillerimiz_sd.bilgi?p_donem=27&p_sicil=7168,Selin SAYEK BÖKE,CHP,K,IZMIR
İzmir,https://www.tbmm.gov.tr/develop/owa/milletvekillerimiz_sd.bilgi?p_donem=27&p_sicil=7620,Serpil KEMALBAY PEKGÖZEGÜ,HDP,K,IZMIR
İzmir,https://www.tbmm.gov.tr/develop/owa/milletvekillerimiz_sd.bilgi?p_donem=27&p_sicil=7498,Sevda ERDAN KILIÇ,CHP,K,IZMIR
İzmir,https://www.tbmm.gov.tr/develop/owa/milletvekillerimiz_sd.bilgi?p_donem=27&p_sicil=7226,Tacettin BAYIR,CHP,E,IZMIR
İzmir,https://www.tbmm.gov.tr/develop/owa/milletvekillerimiz_sd.bilgi?p_donem=27&p_sicil=7567,Tamer OSMANAĞAOĞLU,MHP,E,IZMIR
İzmir,https://www.tbmm.gov.tr/develop/owa/milletvekillerimiz_sd.bilgi?p_donem=27&p_sicil=7526,Yaşar KIRKPINAR,AK Parti,E,IZMIR
Kahramanmaraş,https://www.tbmm.gov.tr/develop/owa/milletvekillerimiz_sd.bilgi?p_donem=27&p_sicil=7452,Ahmet ÖZDEMİR,AK Parti,E,KAHRAMANMARAS
Kahramanmaraş,https://www.tbmm.gov.tr/develop/owa/milletvekillerimiz_sd.bilgi?p_donem=27&p_sicil=7433,Ali ÖZTUNÇ,CHP,E,KAHRAMANMARAS
Kahramanmaraş,https://www.tbmm.gov.tr/develop/owa/milletvekillerimiz_sd.bilgi?p_donem=27&p_sicil=7330,Celalettin GÜVENÇ,AK Parti,E,KAHRAMANMARAS
Kahramanmaraş,https://www.tbmm.gov.tr/develop/owa/milletvekillerimiz_sd.bilgi?p_donem=27&p_sicil=7450,Habibe ÖÇAL,AK Parti,K,KAHRAMANMARAS
Kahramanmaraş,https://www.tbmm.gov.tr/develop/owa/milletvekillerimiz_sd.bilgi?p_donem=27&p_sicil=7398,İmran KILIÇ,AK Parti,E,KAHRAMANMARAS
Kahramanmaraş,https://www.tbmm.gov.tr/develop/owa/milletvekillerimiz_sd.bilgi?p_donem=27&p_sicil=6862,Mahir ÜNAL,AK Parti,E,KAHRAMANMARAS
Kahramanmaraş,https://www.tbmm.gov.tr/develop/owa/milletvekillerimiz_sd.bilgi?p_donem=27&p_sicil=7451,Mehmet Cihat SEZAL,AK Parti,E,KAHRAMANMARAS
Kahramanmaraş,https://www.tbmm.gov.tr/develop/owa/milletvekillerimiz_sd.bilgi?p_donem=27&p_sicil=7006,Sefer AYCAN,MHP,E,KAHRAMANMARAS
Karabük,https://www.tbmm.gov.tr/develop/owa/milletvekillerimiz_sd.bilgi?p_donem=27&p_sicil=6547,Cumhur ÜNAL,AK Parti,E,KARABUK
Karabük,https://www.tbmm.gov.tr/develop/owa/milletvekillerimiz_sd.bilgi?p_donem=27&p_sicil=7468,Hüseyin Avni AKSOY,CHP,E,KARABUK
Karabük,https://www.tbmm.gov.tr/develop/owa/milletvekillerimiz_sd.bilgi?p_donem=27&p_sicil=7477,Niyazi GÜNEŞ,AK Parti,E,KARABUK
Karaman,https://www.tbmm.gov.tr/develop/owa/milletvekillerimiz_sd.bilgi?p_donem=27&p_sicil=7635,İsmail Atakan ÜNVER,CHP,E,KARAMAN
Karaman,https://www.tbmm.gov.tr/develop/owa/milletvekillerimiz_sd.bilgi?p_donem=27&p_sicil=6981,Recep ŞEKER,AK Parti,E,KARAMAN
Karaman,https://www.tbmm.gov.tr/develop/owa/milletvekillerimiz_sd.bilgi?p_donem=27&p_sicil=7499,Selman Oğuzhan ESER,AK Parti,E,KARAMAN
Kars,https://www.tbmm.gov.tr/develop/owa/milletvekillerimiz_sd.bilgi?p_donem=27&p_sicil=6698,Ahmet ARSLAN,AK Parti,E,KARS
Kars,https://www.tbmm.gov.tr/develop/owa/milletvekillerimiz_sd.bilgi?p_donem=27&p_sicil=6693,Yunus KILIÇ,AK Parti,E,KARS
Kastamonu,https://www.tbmm.gov.tr/develop/owa/milletvekillerimiz_sd.bilgi?p_donem=27&p_sicil=6337,Hakkı KÖYLÜ,AK Parti,E,KASTAMONU
Kastamonu,https://www.tbmm.gov.tr/develop/owa/milletvekillerimiz_sd.bilgi?p_donem=27&p_sicil=7464,Hasan BALTACI,CHP,E,KASTAMONU
Kastamonu,https://www.tbmm.gov.tr/develop/owa/milletvekillerimiz_sd.bilgi?p_donem=27&p_sicil=7021,Metin ÇELİK,AK Parti,E,KASTAMONU
Kayseri,https://www.tbmm.gov.tr/develop/owa/milletvekillerimiz_sd.bilgi?p_donem=27&p_sicil=7136,Çetin ARIK,CHP,E,KAYSERI
Kayseri,https://www.tbmm.gov.tr/develop/owa/milletvekillerimiz_sd.bilgi?p_donem=27&p_sicil=7561,Dursun ATAŞ,İYİ Parti,E,KAYSERI
Kayseri,https://www.tbmm.gov.tr/develop/owa/milletvekillerimiz_sd.bilgi?p_donem=27&p_sicil=7339,Hülya NERGİS,AK Parti,K,KAYSERI
Kayseri,https://www.tbmm.gov.tr/develop/owa/milletvekillerimiz_sd.bilgi?p_donem=27&p_sicil=7609,İsmail ÖZDEMİR,MHP,E,KAYSERI
Kayseri,https://www.tbmm.gov.tr/develop/owa/milletvekillerimiz_sd.bilgi?p_donem=27&p_sicil=6948,İsmail TAMER,AK Parti,E,KAYSERI
Kayseri,https://www.tbmm.gov.tr/develop/owa/milletvekillerimiz_sd.bilgi?p_donem=27&p_sicil=7337,İsmail Emrah KARAYEL,AK Parti,E,KAYSERI
Kayseri,https://www.tbmm.gov.tr/develop/owa/milletvekillerimiz_sd.bilgi?p_donem=27&p_sicil=7299,Mehmet ÖZHASEKİ,AK Parti,E,KAYSERI
Kayseri,https://www.tbmm.gov.tr/develop/owa/milletvekillerimiz_sd.bilgi?p_donem=27&p_sicil=6318,Mustafa ELİTAŞ,AK Parti,E,KAYSERI
Kayseri,https://www.tbmm.gov.tr/develop/owa/milletvekillerimiz_sd.bilgi?p_donem=27&p_sicil=7511,Mustafa Baki ERSOY,MHP,E,KAYSERI
Kayseri,https://www.tbmm.gov.tr/develop/owa/milletvekillerimiz_sd.bilgi?p_donem=27&p_sicil=6317,Taner YILDIZ,AK Parti,E,KAYSERI
Kırıkkale,https://www.tbmm.gov.tr/develop/owa/milletvekillerimiz_sd.bilgi?p_donem=27&p_sicil=7441,Ahmet ÖNAL,CHP,E,KIRIKKALE
Kırıkkale,https://www.tbmm.gov.tr/develop/owa/milletvekillerimiz_sd.bilgi?p_donem=27&p_sicil=7420,Halil ÖZTÜRK,MHP,E,KIRIKKALE
Kırıkkale,https://www.tbmm.gov.tr/develop/owa/milletvekillerimiz_sd.bilgi?p_donem=27&p_sicil=6133,Ramazan CAN,AK Parti,E,KIRIKKALE
Kırklareli,https://www.tbmm.gov.tr/develop/owa/milletvekillerimiz_sd.bilgi?p_donem=27&p_sicil=7396,Selahattin MİNSOLMAZ,AK Parti,E,KIRKLARELI
Kırklareli,https://www.tbmm.gov.tr/develop/owa/milletvekillerimiz_sd.bilgi?p_donem=27&p_sicil=7111,Türabi KAYAN,CHP,E,KIRKLARELI
Kırklareli,https://www.tbmm.gov.tr/develop/owa/milletvekillerimiz_sd.bilgi?p_donem=27&p_sicil=7051,Vecdi GÜNDOĞDU,CHP,E,KIRKLARELI
Kırşehir,https://www.tbmm.gov.tr/develop/owa/milletvekillerimiz_sd.bilgi?p_donem=27&p_sicil=7439,Metin İLHAN,CHP,E,KIRSEHIR
Kırşehir,https://www.tbmm.gov.tr/develop/owa/milletvekillerimiz_sd.bilgi?p_donem=27&p_sicil=7557,Mustafa KENDİRLİ,AK Parti,E,KIRSEHIR
Kilis,https://www.tbmm.gov.tr/develop/owa/milletvekillerimiz_sd.bilgi?p_donem=27&p_sicil=6656,Ahmet Salih DAL,AK Parti,E,KILIS
Kilis,https://www.tbmm.gov.tr/develop/owa/milletvekillerimiz_sd.bilgi?p_donem=27&p_sicil=7363,Mustafa Hilmi DÜLGER,AK Parti,E,KILIS
Kocaeli,https://www.tbmm.gov.tr/develop/owa/milletvekillerimiz_sd.bilgi?p_donem=27&p_sicil=7354,Cemil YAMAN,AK Parti,E,KOCAELI
Kocaeli,https://www.tbmm.gov.tr/develop/owa/milletvekillerimiz_sd.bilgi?p_donem=27&p_sicil=7656,Emine ZEYBEK,AK Parti,K,KOCAELI
Kocaeli,https://www.tbmm.gov.tr/develop/owa/milletvekillerimiz_sd.bilgi?p_donem=27&p_sicil=6534,Fikri IŞIK,AK Parti,E,KOCAELI
Kocaeli,https://www.tbmm.gov.tr/develop/owa/milletvekillerimiz_sd.bilgi?p_donem=27&p_sicil=6680,Haydar AKAR,CHP,E,KOCAELI
Kocaeli,https://www.tbmm.gov.tr/develop/owa/milletvekillerimiz_sd.bilgi?p_donem=27&p_sicil=6941,İlyas ŞEKER,AK Parti,E,KOCAELI
Kocaeli,https://www.tbmm.gov.tr/develop/owa/milletvekillerimiz_sd.bilgi?p_donem=27&p_sicil=6664,Lütfü TÜRKKAN,İYİ Parti,E,KOCAELI
Kocaeli,https://www.tbmm.gov.tr/develop/owa/milletvekillerimiz_sd.bilgi?p_donem=27&p_sicil=7310,Mehmet Akif YILMAZ,AK Parti,E,KOCAELI
Kocaeli,https://www.tbmm.gov.tr/develop/owa/milletvekillerimiz_sd.bilgi?p_donem=27&p_sicil=7543,Ömer Faruk GERGERLİOĞLU,HDP,E,KOCAELI
Kocaeli,https://www.tbmm.gov.tr/develop/owa/milletvekillerimiz_sd.bilgi?p_donem=27&p_sicil=7217,Radiye Sezer KATIRCIOĞLU,AK Parti,K,KOCAELI
Kocaeli,https://www.tbmm.gov.tr/develop/owa/milletvekillerimiz_sd.bilgi?p_donem=27&p_sicil=7107,Saffet SANCAKLI,MHP,E,KOCAELI
Kocaeli,https://www.tbmm.gov.tr/develop/owa/milletvekillerimiz_sd.bilgi?p_donem=27&p_sicil=7353,Sami ÇAKIR,AK Parti,E,KOCAELI
Kocaeli,https://www.tbmm.gov.tr/develop/owa/milletvekillerimiz_sd.bilgi?p_donem=27&p_sicil=7138,Tahsin TARHAN,CHP,E,KOCAELI
Konya,https://www.tbmm.gov.tr/develop/owa/milletvekillerimiz_sd.bilgi?p_donem=27&p_sicil=7409,Abdulkadir KARADUMAN,Saadet P,E,KONYA
Konya,https://www.tbmm.gov.tr/develop/owa/milletvekillerimiz_sd.bilgi?p_donem=27&p_sicil=7065,Abdullah AĞRALI,AK Parti,E,KONYA
Konya,https://www.tbmm.gov.tr/develop/owa/milletvekillerimiz_sd.bilgi?p_donem=27&p_sicil=4694,Abdüllatif ŞENER,CHP,E,KONYA
Konya,https://www.tbmm.gov.tr/develop/owa/milletvekillerimiz_sd.bilgi?p_donem=27&p_sicil=7351,Ahmet SORGUN,AK Parti,E,KONYA
Konya,https://www.tbmm.gov.tr/develop/owa/milletvekillerimiz_sd.bilgi?p_donem=27&p_sicil=7414,Esin KARA,MHP,K,KONYA
Konya,https://www.tbmm.gov.tr/develop/owa/milletvekillerimiz_sd.bilgi?p_donem=27&p_sicil=7416,Fahrettin YOKUŞ,İYİ Parti,E,KONYA
Konya,https://www.tbmm.gov.tr/develop/owa/milletvekillerimiz_sd.bilgi?p_donem=27&p_sicil=6718,Gülay SAMANCI,AK Parti,K,KONYA
Konya,https://www.tbmm.gov.tr/develop/owa/milletvekillerimiz_sd.bilgi?p_donem=27&p_sicil=7066,Hacı Ahmet ÖZDEMİR,AK Parti,E,KONYA
Konya,https://www.tbmm.gov.tr/develop/owa/milletvekillerimiz_sd.bilgi?p_donem=27&p_sicil=7093,Halil ETYEMEZ,AK Parti,E,KONYA
Konya,https://www.tbmm.gov.tr/develop/owa/milletvekillerimiz_sd.bilgi?p_donem=27&p_sicil=7025,Leyla ŞAHİN USTA,AK Parti,K,KONYA
Konya,https://www.tbmm.gov.tr/develop/owa/milletvekillerimiz_sd.bilgi?p_donem=27&p_sicil=6466,Mustafa KALAYCI,MHP,E,KONYA
Konya,https://www.tbmm.gov.tr/develop/owa/milletvekillerimiz_sd.bilgi?p_donem=27&p_sicil=6301,Orhan ERDEM,AK Parti,E,KONYA
Konya,https://www.tbmm.gov.tr/develop/owa/milletvekillerimiz_sd.bilgi?p_donem=27&p_sicil=7443,Selman ÖZBOYACI,AK Parti,E,KONYA
Konya,https://www.tbmm.gov.tr/develop/owa/milletvekillerimiz_sd.bilgi?p_donem=27&p_sicil=7479,Tahir AKYÜREK,AK Parti,E,KONYA
Konya,https://www.tbmm.gov.tr/develop/owa/milletvekillerimiz_sd.bilgi?p_donem=27&p_sicil=7033,Ziya ALTUNYALDIZ,AK Parti,E,KONYA
Kütahya,https://www.tbmm.gov.tr/develop/owa/milletvekillerimiz_sd.bilgi?p_donem=27&p_sicil=7560,Ahmet ERBAŞ,MHP,E,KUTAHYA
Kütahya,https://www.tbmm.gov.tr/develop/owa/milletvekillerimiz_sd.bilgi?p_donem=27&p_sicil=7365,Ahmet TAN,AK Parti,E,KUTAHYA
Kütahya,https://www.tbmm.gov.tr/develop/owa/milletvekillerimiz_sd.bilgi?p_donem=27&p_sicil=7497,Ali Fazıl KASAP,CHP,E,KUTAHYA
Kütahya,https://www.tbmm.gov.tr/develop/owa/milletvekillerimiz_sd.bilgi?p_donem=27&p_sicil=7545,Ceyda ÇETİN ERENLER,AK Parti,K,KUTAHYA
Kütahya,https://www.tbmm.gov.tr/develop/owa/milletvekillerimiz_sd.bilgi?p_donem=27&p_sicil=7036,İshak GAZEL,AK Parti,E,KUTAHYA
Malatya,https://www.tbmm.gov.tr/develop/owa/milletvekillerimiz_sd.bilgi?p_donem=27&p_sicil=7579,Ahmet ÇAKIR,AK Parti,E,MALATYA
Malatya,https://www.tbmm.gov.tr/develop/owa/milletvekillerimiz_sd.bilgi?p_donem=27&p_sicil=7266,Bülent TÜFENKCİ,AK Parti,E,MALATYA
Malatya,https://www.tbmm.gov.tr/develop/owa/milletvekillerimiz_sd.bilgi?p_donem=27&p_sicil=7580,Hakan KAHTALI,AK Parti,E,MALATYA
Malatya,https://www.tbmm.gov.tr/develop/owa/milletvekillerimiz_sd.bilgi?p_donem=27&p_sicil=7533,Mehmet Celal FENDOĞLU,MHP,E,MALATYA
Malatya,https://www.tbmm.gov.tr/develop/owa/milletvekillerimiz_sd.bilgi?p_donem=27&p_sicil=6615,Öznur ÇALIK,AK Parti,K,MALATYA
Malatya,https://www.tbmm.gov.tr/develop/owa/milletvekillerimiz_sd.bilgi?p_donem=27&p_sicil=6857,Veli AĞBABA,CHP,E,MALATYA
Manisa,https://www.tbmm.gov.tr/develop/owa/milletvekillerimiz_sd.bilgi?p_donem=27&p_sicil=7626,Ahmet Vehbi BAKIRLIOĞLU,CHP,E,MANISA
Manisa,https://www.tbmm.gov.tr/develop/owa/milletvekillerimiz_sd.bilgi?p_donem=27&p_sicil=7624,Bekir BAŞEVİRGEN,CHP,E,MANISA
Manisa,https://www.tbmm.gov.tr/develop/owa/milletvekillerimiz_sd.bilgi?p_donem=27&p_sicil=6462,Erkan AKÇAY,MHP,E,MANISA
Manisa,https://www.tbmm.gov.tr/develop/owa/milletvekillerimiz_sd.bilgi?p_donem=27&p_sicil=6245,İsmail BİLEN,AK Parti,E,MANISA
Manisa,https://www.tbmm.gov.tr/develop/owa/milletvekillerimiz_sd.bilgi?p_donem=27&p_sicil=7674,Mehmet Ali ÖZKAN,AK Parti,E,MANISA
Manisa,https://www.tbmm.gov.tr/develop/owa/milletvekillerimiz_sd.bilgi?p_donem=27&p_sicil=7037,Murat BAYBATUR,AK Parti,E,MANISA
Manisa,https://www.tbmm.gov.tr/develop/owa/milletvekillerimiz_sd.bilgi?p_donem=27&p_sicil=6928,Özgür ÖZEL,CHP,E,MANISA
Manisa,https://www.tbmm.gov.tr/develop/owa/milletvekillerimiz_sd.bilgi?p_donem=27&p_sicil=7668,Semra KAPLAN KIVIRCIK,AK Parti,K,MANISA
Manisa,https://www.tbmm.gov.tr/develop/owa/milletvekillerimiz_sd.bilgi?p_donem=27&p_sicil=7471,Tamer AKKAL,AK Parti,E,MANISA
Manisa,https://www.tbmm.gov.tr/develop/owa/milletvekillerimiz_sd.bilgi?p_donem=27&p_sicil=6913,Uğur AYDEMİR,AK Parti,E,MANISA
Mardin,https://www.tbmm.gov.tr/develop/owa/milletvekillerimiz_sd.bilgi?p_donem=27&p_sicil=7444,Cengiz DEMİRKAYA,AK Parti,E,MARDIN
Mardin,https://www.tbmm.gov.tr/develop/owa/milletvekillerimiz_sd.bilgi?p_donem=27&p_sicil=7592,Ebrü GÜNAY,HDP,K,MARDIN
Mardin,https://www.tbmm.gov.tr/develop/owa/milletvekillerimiz_sd.bilgi?p_donem=27&p_sicil=7175,Mithat SANCAR,HDP,E,MARDIN
Mardin,https://www.tbmm.gov.tr/develop/owa/milletvekillerimiz_sd.bilgi?p_donem=27&p_sicil=7568,Pero DUNDAR,HDP,K,MARDIN
Mardin,https://www.tbmm.gov.tr/develop/owa/milletvekillerimiz_sd.bilgi?p_donem=27&p_sicil=7445,Şeyhmus DİNÇEL,AK Parti,E,MARDIN
Mardin,https://www.tbmm.gov.tr/develop/owa/milletvekillerimiz_sd.bilgi?p_donem=27&p_sicil=7614,Tuma ÇELİK,BAĞIMSIZ,E,MARDIN
Mersin,https://www.tbmm.gov.tr/develop/owa/milletvekillerimiz_sd.bilgi?p_donem=27&p_sicil=7384,Ali Cumhur TAŞKIN,AK Parti,E,MERSIN
Mersin,https://www.tbmm.gov.tr/develop/owa/milletvekillerimiz_sd.bilgi?p_donem=27&p_sicil=7482,Ali Mahir BAŞARIR,CHP,E,MERSIN
Mersin,https://www.tbmm.gov.tr/develop/owa/milletvekillerimiz_sd.bilgi?p_donem=27&p_sicil=7555,Alpay ANTMEN,CHP,E,MERSIN
Mersin,https://www.tbmm.gov.tr/develop/owa/milletvekillerimiz_sd.bilgi?p_donem=27&p_sicil=7139,Baki ŞİMŞEK,MHP,E,MERSIN
Mersin,https://www.tbmm.gov.tr/develop/owa/milletvekillerimiz_sd.bilgi?p_donem=27&p_sicil=6544,Behiç ÇELİK,İYİ Parti,E,MERSIN
Mersin,https://www.tbmm.gov.tr/develop/owa/milletvekillerimiz_sd.bilgi?p_donem=27&p_sicil=7474,Cengiz GÖKÇEL,CHP,E,MERSIN
Mersin,https://www.tbmm.gov.tr/develop/owa/milletvekillerimiz_sd.bilgi?p_donem=27&p_sicil=6473,Fatma KURTULAN,HDP,K,MERSIN
Mersin,https://www.tbmm.gov.tr/develop/owa/milletvekillerimiz_sd.bilgi?p_donem=27&p_sicil=7369,Hacı ÖZKAN,AK Parti,E,MERSIN
Mersin,https://www.tbmm.gov.tr/develop/owa/milletvekillerimiz_sd.bilgi?p_donem=27&p_sicil=6440,Lütfi ELVAN,AK Parti,E,MERSIN
Mersin,https://www.tbmm.gov.tr/develop/owa/milletvekillerimiz_sd.bilgi?p_donem=27&p_sicil=7663,Olcay KILAVUZ,MHP,E,MERSIN
Mersin,https://www.tbmm.gov.tr/develop/owa/milletvekillerimiz_sd.bilgi?p_donem=27&p_sicil=7094,Rıdvan TURAN,HDP,E,MERSIN
Mersin,https://www.tbmm.gov.tr/develop/owa/milletvekillerimiz_sd.bilgi?p_donem=27&p_sicil=7419,Zeki Hakan SIDALI,İYİ Parti,E,MERSIN
Mersin,https://www.tbmm.gov.tr/develop/owa/milletvekillerimiz_sd.bilgi?p_donem=27&p_sicil=7418,Zeynep GÜL YILMAZ,AK Parti,K,MERSIN
Muğla,https://www.tbmm.gov.tr/develop/owa/milletvekillerimiz_sd.bilgi?p_donem=27&p_sicil=7683,Burak ERBAY,CHP,E,MUGLA
Muğla,https://www.tbmm.gov.tr/develop/owa/milletvekillerimiz_sd.bilgi?p_donem=27&p_sicil=7604,Mehmet Yavuz DEMİR,AK Parti,E,MUGLA
Muğla,https://www.tbmm.gov.tr/develop/owa/milletvekillerimiz_sd.bilgi?p_donem=27&p_sicil=5840,Metin ERGUN,İYİ Parti,E,MUGLA
Muğla,https://www.tbmm.gov.tr/develop/owa/milletvekillerimiz_sd.bilgi?p_donem=27&p_sicil=7601,Mürsel ALBAN,CHP,E,MUGLA
Muğla,https://www.tbmm.gov.tr/develop/owa/milletvekillerimiz_sd.bilgi?p_donem=27&p_sicil=7602,Suat ÖZCAN,CHP,E,MUGLA
Muğla,https://www.tbmm.gov.tr/develop/owa/milletvekillerimiz_sd.bilgi?p_donem=27&p_sicil=7639,Süleyman GİRGİN,CHP,E,MUGLA
Muğla,https://www.tbmm.gov.tr/develop/owa/milletvekillerimiz_sd.bilgi?p_donem=27&p_sicil=7673,Yelda EROL GÖKCAN,AK Parti,K,MUGLA
Muş,https://www.tbmm.gov.tr/develop/owa/milletvekillerimiz_sd.bilgi?p_donem=27&p_sicil=7634,Gülüstan KILIÇ KOÇYİĞİT,HDP,K,MUS
Muş,https://www.tbmm.gov.tr/develop/owa/milletvekillerimiz_sd.bilgi?p_donem=27&p_sicil=7252,Mehmet Emin ŞİMŞEK,AK Parti,E,MUS
Muş,https://www.tbmm.gov.tr/develop/owa/milletvekillerimiz_sd.bilgi?p_donem=27&p_sicil=7622,Mensur IŞIK,BAĞIMSIZ,E,MUS
Muş,https://www.tbmm.gov.tr/develop/owa/milletvekillerimiz_sd.bilgi?p_donem=27&p_sicil=7647,Şevin COŞKUN,HDP,K,MUS
Nevşehir,https://www.tbmm.gov.tr/develop/owa/milletvekillerimiz_sd.bilgi?p_donem=27&p_sicil=7422,Faruk SARIASLAN,CHP,E,NEVSEHIR
Nevşehir,https://www.tbmm.gov.tr/develop/owa/milletvekillerimiz_sd.bilgi?p_donem=27&p_sicil=7044,Mustafa AÇIKGÖZ,AK Parti,E,NEVSEHIR
Nevşehir,https://www.tbmm.gov.tr/develop/owa/milletvekillerimiz_sd.bilgi?p_donem=27&p_sicil=7657,Yücel MENEKŞE,AK Parti,E,NEVSEHIR
Niğde,https://www.tbmm.gov.tr/develop/owa/milletvekillerimiz_sd.bilgi?p_donem=27&p_sicil=7348,Ömer Fethi GÜRER,CHP,E,NIGDE
Niğde,https://www.tbmm.gov.tr/develop/owa/milletvekillerimiz_sd.bilgi?p_donem=27&p_sicil=7546,Selim GÜLTEKİN,AK Parti,E,NIGDE
Niğde,https://www.tbmm.gov.tr/develop/owa/milletvekillerimiz_sd.bilgi?p_donem=27&p_sicil=7544,Yavuz ERGUN,AK Parti,E,NIGDE
Ordu,https://www.tbmm.gov.tr/develop/owa/milletvekillerimiz_sd.bilgi?p_donem=27&p_sicil=5758,Cemal ENGİNYURT,BAĞIMSIZ,E,ORDU
Ordu,https://www.tbmm.gov.tr/develop/owa/milletvekillerimiz_sd.bilgi?p_donem=27&p_sicil=7340,Ergün TAŞCI,AK Parti,E,ORDU
Ordu,https://www.tbmm.gov.tr/develop/owa/milletvekillerimiz_sd.bilgi?p_donem=27&p_sicil=7341,Metin GÜNDOĞDU,AK Parti,E,ORDU
Ordu,https://www.tbmm.gov.tr/develop/owa/milletvekillerimiz_sd.bilgi?p_donem=27&p_sicil=7057,Mustafa ADIGÜZEL,CHP,E,ORDU
Ordu,https://www.tbmm.gov.tr/develop/owa/milletvekillerimiz_sd.bilgi?p_donem=27&p_sicil=7056,Seyit TORUN,CHP,E,ORDU
Ordu,https://www.tbmm.gov.tr/develop/owa/milletvekillerimiz_sd.bilgi?p_donem=27&p_sicil=7470,Şenel YEDİYILDIZ,AK Parti,E,ORDU
Osmaniye,https://www.tbmm.gov.tr/develop/owa/milletvekillerimiz_sd.bilgi?p_donem=27&p_sicil=7454,Baha ÜNLÜ,CHP,E,OSMANIYE
Osmaniye,https://www.tbmm.gov.tr/develop/owa/milletvekillerimiz_sd.bilgi?p_donem=27&p_sicil=5801,Devlet BAHÇELİ,MHP,E,OSMANIYE
Osmaniye,https://www.tbmm.gov.tr/develop/owa/milletvekillerimiz_sd.bilgi?p_donem=27&p_sicil=7453,İsmail KAYA,AK Parti,E,OSMANIYE
Osmaniye,https://www.tbmm.gov.tr/develop/owa/milletvekillerimiz_sd.bilgi?p_donem=27&p_sicil=7014,Mücahit DURMUŞOĞLU,AK Parti,E,OSMANIYE
Rize,https://www.tbmm.gov.tr/develop/owa/milletvekillerimiz_sd.bilgi?p_donem=27&p_sicil=5996,Hayati YAZICI,AK Parti,E,RIZE
Rize,https://www.tbmm.gov.tr/develop/owa/milletvekillerimiz_sd.bilgi?p_donem=27&p_sicil=7413,Muhammed AVCI,AK Parti,E,RIZE
Rize,https://www.tbmm.gov.tr/develop/owa/milletvekillerimiz_sd.bilgi?p_donem=27&p_sicil=6848,Osman Aşkın BAK,AK Parti,E,RIZE
Sakarya,https://www.tbmm.gov.tr/develop/owa/milletvekillerimiz_sd.bilgi?p_donem=27&p_sicil=6822,Ali İhsan YAVUZ,AK Parti,E,SAKARYA
Sakarya,https://www.tbmm.gov.tr/develop/owa/milletvekillerimiz_sd.bilgi?p_donem=27&p_sicil=7659,Çiğdem ERDOĞAN ATABEK,AK Parti,K,SAKARYA
Sakarya,https://www.tbmm.gov.tr/develop/owa/milletvekillerimiz_sd.bilgi?p_donem=27&p_sicil=6789,Engin ÖZKOÇ,CHP,E,SAKARYA
Sakarya,https://www.tbmm.gov.tr/develop/owa/milletvekillerimiz_sd.bilgi?p_donem=27&p_sicil=7492,Kenan SOFUOĞLU,AK Parti,E,SAKARYA
Sakarya,https://www.tbmm.gov.tr/develop/owa/milletvekillerimiz_sd.bilgi?p_donem=27&p_sicil=7489,Muhammed Levent BÜLBÜL,MHP,E,SAKARYA
Sakarya,https://www.tbmm.gov.tr/develop/owa/milletvekillerimiz_sd.bilgi?p_donem=27&p_sicil=7069,Recep UNCUOĞLU,AK Parti,E,SAKARYA
Sakarya,https://www.tbmm.gov.tr/develop/owa/milletvekillerimiz_sd.bilgi?p_donem=27&p_sicil=7503,Ümit DİKBAYIR,İYİ Parti,E,SAKARYA
Samsun,https://www.tbmm.gov.tr/develop/owa/milletvekillerimiz_sd.bilgi?p_donem=27&p_sicil=5577,Ahmet DEMİRCAN,AK Parti,E,SAMSUN
Samsun,https://www.tbmm.gov.tr/develop/owa/milletvekillerimiz_sd.bilgi?p_donem=27&p_sicil=5638,Bedri YAŞAR,İYİ Parti,E,SAMSUN
Samsun,https://www.tbmm.gov.tr/develop/owa/milletvekillerimiz_sd.bilgi?p_donem=27&p_sicil=7262,Çiğdem KARAASLAN,AK Parti,K,SAMSUN
Samsun,https://www.tbmm.gov.tr/develop/owa/milletvekillerimiz_sd.bilgi?p_donem=27&p_sicil=7290,Erhan USTA,BAĞIMSIZ,E,SAMSUN
Samsun,https://www.tbmm.gov.tr/develop/owa/milletvekillerimiz_sd.bilgi?p_donem=27&p_sicil=7237,Fuat KÖKTAŞ,AK Parti,E,SAMSUN
Samsun,https://www.tbmm.gov.tr/develop/owa/milletvekillerimiz_sd.bilgi?p_donem=27&p_sicil=7245,Kemal ZEYBEK,CHP,E,SAMSUN
Samsun,https://www.tbmm.gov.tr/develop/owa/milletvekillerimiz_sd.bilgi?p_donem=27&p_sicil=7633,Neslihan HANCIOĞLU,CHP,K,SAMSUN
Samsun,https://www.tbmm.gov.tr/develop/owa/milletvekillerimiz_sd.bilgi?p_donem=27&p_sicil=7381,Orhan KIRCALI,AK Parti,E,SAMSUN
Samsun,https://www.tbmm.gov.tr/develop/owa/milletvekillerimiz_sd.bilgi?p_donem=27&p_sicil=7462,Yusuf Ziya YILMAZ,AK Parti,E,SAMSUN
Siirt,https://www.tbmm.gov.tr/develop/owa/milletvekillerimiz_sd.bilgi?p_donem=27&p_sicil=7272,Meral DANIŞ BEŞTAŞ,HDP,K,SIIRT
Siirt,https://www.tbmm.gov.tr/develop/owa/milletvekillerimiz_sd.bilgi?p_donem=27&p_sicil=6901,Osman ÖREN,AK Parti,E,SIIRT
Siirt,https://www.tbmm.gov.tr/develop/owa/milletvekillerimiz_sd.bilgi?p_donem=27&p_sicil=7576,Sıdık TAŞ,HDP,E,SIIRT
Sinop,https://www.tbmm.gov.tr/develop/owa/milletvekillerimiz_sd.bilgi?p_donem=27&p_sicil=6984,Barış KARADENİZ,CHP,E,SINOP
Sinop,https://www.tbmm.gov.tr/develop/owa/milletvekillerimiz_sd.bilgi?p_donem=27&p_sicil=7361,Nazım MAVİŞ,AK Parti,E,SINOP
Sivas,https://www.tbmm.gov.tr/develop/owa/milletvekillerimiz_sd.bilgi?p_donem=27&p_sicil=7423,Ahmet ÖZYÜREK,MHP,E,SIVAS
Sivas,https://www.tbmm.gov.tr/develop/owa/milletvekillerimiz_sd.bilgi?p_donem=27&p_sicil=6374,İsmet YILMAZ,AK Parti,E,SIVAS
Sivas,https://www.tbmm.gov.tr/develop/owa/milletvekillerimiz_sd.bilgi?p_donem=27&p_sicil=80068,Mehmet Habib SOLUK,AK Parti,E,SIVAS
Sivas,https://www.tbmm.gov.tr/develop/owa/milletvekillerimiz_sd.bilgi?p_donem=27&p_sicil=7547,Semiha EKİNCİ,AK Parti,K,SIVAS
Sivas,https://www.tbmm.gov.tr/develop/owa/milletvekillerimiz_sd.bilgi?p_donem=27&p_sicil=7685,Ulaş KARASU,CHP,E,SIVAS
Şanlıurfa,https://www.tbmm.gov.tr/develop/owa/milletvekillerimiz_sd.bilgi?p_donem=27&p_sicil=7577,Ahmet AKAY,AK Parti,E,SANLIURFA
Şanlıurfa,https://www.tbmm.gov.tr/develop/owa/milletvekillerimiz_sd.bilgi?p_donem=27&p_sicil=7133,Ahmet Eşref FAKIBABA,AK Parti,E,SANLIURFA
Şanlıurfa,https://www.tbmm.gov.tr/develop/owa/milletvekillerimiz_sd.bilgi?p_donem=27&p_sicil=7569,Ayşe SÜRÜCÜ,HDP,K,SANLIURFA
Şanlıurfa,https://www.tbmm.gov.tr/develop/owa/milletvekillerimiz_sd.bilgi?p_donem=27&p_sicil=7520,Aziz AYDINLIK,CHP,E,SANLIURFA
Şanlıurfa,https://www.tbmm.gov.tr/develop/owa/milletvekillerimiz_sd.bilgi?p_donem=27&p_sicil=6674,Halil ÖZCAN,AK Parti,E,SANLIURFA
Şanlıurfa,https://www.tbmm.gov.tr/develop/owa/milletvekillerimiz_sd.bilgi?p_donem=27&p_sicil=7578,Halil ÖZŞAVLI,AK Parti,E,SANLIURFA
Şanlıurfa,https://www.tbmm.gov.tr/develop/owa/milletvekillerimiz_sd.bilgi?p_donem=27&p_sicil=7675,İbrahim ÖZYAVUZ,MHP,E,SANLIURFA
Şanlıurfa,https://www.tbmm.gov.tr/develop/owa/milletvekillerimiz_sd.bilgi?p_donem=27&p_sicil=7345,İbrahim Halil YILDIZ,AK Parti,E,SANLIURFA
Şanlıurfa,https://www.tbmm.gov.tr/develop/owa/milletvekillerimiz_sd.bilgi?p_donem=27&p_sicil=7347,Mehmet Ali CEVHERİ,AK Parti,E,SANLIURFA
Şanlıurfa,https://www.tbmm.gov.tr/develop/owa/milletvekillerimiz_sd.bilgi?p_donem=27&p_sicil=6671,Mehmet Kasım GÜLPINAR,AK Parti,E,SANLIURFA
Şanlıurfa,https://www.tbmm.gov.tr/develop/owa/milletvekillerimiz_sd.bilgi?p_donem=27&p_sicil=7222,Nimetullah ERDOĞMUŞ,HDP,E,SANLIURFA
Şanlıurfa,https://www.tbmm.gov.tr/develop/owa/milletvekillerimiz_sd.bilgi?p_donem=27&p_sicil=7594,Nusrettin MAÇİN,HDP,E,SANLIURFA
Şanlıurfa,https://www.tbmm.gov.tr/develop/owa/milletvekillerimiz_sd.bilgi?p_donem=27&p_sicil=7583,Ömer ÖCALAN,HDP,E,SANLIURFA
Şanlıurfa,https://www.tbmm.gov.tr/develop/owa/milletvekillerimiz_sd.bilgi?p_donem=27&p_sicil=7429,Zemzem Gülender AÇANAL,AK Parti,K,SANLIURFA
Şırnak,https://www.tbmm.gov.tr/develop/owa/milletvekillerimiz_sd.bilgi?p_donem=27&p_sicil=7591,Hasan ÖZGÜNEŞ,HDP,E,SIRNAK
Şırnak,https://www.tbmm.gov.tr/develop/owa/milletvekillerimiz_sd.bilgi?p_donem=27&p_sicil=7611,Hüseyin KAÇMAZ,HDP,E,SIRNAK
Şırnak,https://www.tbmm.gov.tr/develop/owa/milletvekillerimiz_sd.bilgi?p_donem=27&p_sicil=7610,Nuran İMİR,HDP,E,SIRNAK
Şırnak,https://www.tbmm.gov.tr/develop/owa/milletvekillerimiz_sd.bilgi?p_donem=27&p_sicil=7434,Rizgin BİRLİK,AK Parti,E,SIRNAK
Tekirdağ,https://www.tbmm.gov.tr/develop/owa/milletvekillerimiz_sd.bilgi?p_donem=27&p_sicil=6837,Candan YÜCEER,CHP,E,TEKIRDAG
Tekirdağ,https://www.tbmm.gov.tr/develop/owa/milletvekillerimiz_sd.bilgi?p_donem=27&p_sicil=7632,Çiğdem KONCAGÜL,AK Parti,K,TEKIRDAG
Tekirdağ,https://www.tbmm.gov.tr/develop/owa/milletvekillerimiz_sd.bilgi?p_donem=27&p_sicil=7510,Enez KAPLAN,İYİ Parti,E,TEKIRDAG
Tekirdağ,https://www.tbmm.gov.tr/develop/owa/milletvekillerimiz_sd.bilgi?p_donem=27&p_sicil=6402,Faik ÖZTRAK,CHP,E,TEKIRDAG
Tekirdağ,https://www.tbmm.gov.tr/develop/owa/milletvekillerimiz_sd.bilgi?p_donem=27&p_sicil=7491,İlhami Özcan AYGUN,CHP,E,TEKIRDAG
Tekirdağ,https://www.tbmm.gov.tr/develop/owa/milletvekillerimiz_sd.bilgi?p_donem=27&p_sicil=6906,Mustafa ŞENTOP,AK Parti,E,TEKIRDAG
Tekirdağ,https://www.tbmm.gov.tr/develop/owa/milletvekillerimiz_sd.bilgi?p_donem=27&p_sicil=7131,Mustafa YEL,AK Parti,E,TEKIRDAG
Tokat,https://www.tbmm.gov.tr/develop/owa/milletvekillerimiz_sd.bilgi?p_donem=27&p_sicil=7382,Kadim DURMAZ,CHP,E,TOKAT
Tokat,https://www.tbmm.gov.tr/develop/owa/milletvekillerimiz_sd.bilgi?p_donem=27&p_sicil=7534,Mustafa ARSLAN,AK Parti,E,TOKAT
Tokat,https://www.tbmm.gov.tr/develop/owa/milletvekillerimiz_sd.bilgi?p_donem=27&p_sicil=7189,Özlem ZENGİN,AK Parti,K,TOKAT
Tokat,https://www.tbmm.gov.tr/develop/owa/milletvekillerimiz_sd.bilgi?p_donem=27&p_sicil=7385,Yusuf BEYAZIT,AK Parti,E,TOKAT
Tokat,https://www.tbmm.gov.tr/develop/owa/milletvekillerimiz_sd.bilgi?p_donem=27&p_sicil=7417,Yücel BULUT,MHP,E,TOKAT
Trabzon,https://www.tbmm.gov.tr/develop/owa/milletvekillerimiz_sd.bilgi?p_donem=27&p_sicil=7048,Adnan GÜNNAR,AK Parti,E,TRABZON
Trabzon,https://www.tbmm.gov.tr/develop/owa/milletvekillerimiz_sd.bilgi?p_donem=27&p_sicil=7600,Ahmet KAYA,CHP,E,TRABZON
Trabzon,https://www.tbmm.gov.tr/develop/owa/milletvekillerimiz_sd.bilgi?p_donem=27&p_sicil=7535,Bahar AYVAZOĞLU,AK Parti,K,TRABZON
Trabzon,https://www.tbmm.gov.tr/develop/owa/milletvekillerimiz_sd.bilgi?p_donem=27&p_sicil=7563,Hüseyin ÖRS,İYİ Parti,E,TRABZON
Trabzon,https://www.tbmm.gov.tr/develop/owa/milletvekillerimiz_sd.bilgi?p_donem=27&p_sicil=7047,Muhammet BALTA,AK Parti,E,TRABZON
Trabzon,https://www.tbmm.gov.tr/develop/owa/milletvekillerimiz_sd.bilgi?p_donem=27&p_sicil=7400,Salih CORA,AK Parti,E,TRABZON
Tunceli,https://www.tbmm.gov.tr/develop/owa/milletvekillerimiz_sd.bilgi?p_donem=27&p_sicil=7202,Alican ÖNLÜ,HDP,E,TUNCELI
Tunceli,https://www.tbmm.gov.tr/develop/owa/milletvekillerimiz_sd.bilgi?p_donem=27&p_sicil=7615,Polat ŞAROĞLU,CHP,E,TUNCELI
Uşak,https://www.tbmm.gov.tr/develop/owa/milletvekillerimiz_sd.bilgi?p_donem=27&p_sicil=6768,İsmail GÜNEŞ,AK Parti,E,USAK
Uşak,https://www.tbmm.gov.tr/develop/owa/milletvekillerimiz_sd.bilgi?p_donem=27&p_sicil=6788,Mehmet ALTAY,AK Parti,E,USAK
Uşak,https://www.tbmm.gov.tr/develop/owa/milletvekillerimiz_sd.bilgi?p_donem=27&p_sicil=7024,Özkan YALIM,CHP,E,USAK
Van,https://www.tbmm.gov.tr/develop/owa/milletvekillerimiz_sd.bilgi?p_donem=27&p_sicil=7573,Abdulahat ARVAS,AK Parti,E,VAN
Van,https://www.tbmm.gov.tr/develop/owa/milletvekillerimiz_sd.bilgi?p_donem=27&p_sicil=7654,İrfan KARTAL,AK Parti,E,VAN
Van,https://www.tbmm.gov.tr/develop/owa/milletvekillerimiz_sd.bilgi?p_donem=27&p_sicil=7629,Muazzez ORHAN IŞIK,HDP,K,VAN
Van,https://www.tbmm.gov.tr/develop/owa/milletvekillerimiz_sd.bilgi?p_donem=27&p_sicil=7641,Murat SARISAÇ,HDP,E,VAN
Van,https://www.tbmm.gov.tr/develop/owa/milletvekillerimiz_sd.bilgi?p_donem=27&p_sicil=7521,Osman Nuri GÜLAÇAR,AK Parti,E,VAN
Van,https://www.tbmm.gov.tr/develop/owa/milletvekillerimiz_sd.bilgi?p_donem=27&p_sicil=7178,Sezai TEMELLİ,HDP,E,VAN
Van,https://www.tbmm.gov.tr/develop/owa/milletvekillerimiz_sd.bilgi?p_donem=27&p_sicil=7588,Tayip TEMEL,HDP,E,VAN
Yalova,https://www.tbmm.gov.tr/develop/owa/milletvekillerimiz_sd.bilgi?p_donem=27&p_sicil=7455,Ahmet BÜYÜKGÜMÜŞ,AK Parti,E,YALOVA
Yalova,https://www.tbmm.gov.tr/develop/owa/milletvekillerimiz_sd.bilgi?p_donem=27&p_sicil=7661,Meliha AKYOL,AK Parti,K,YALOVA
Yalova,https://www.tbmm.gov.tr/develop/owa/milletvekillerimiz_sd.bilgi?p_donem=27&p_sicil=7457,Özcan ÖZEL,CHP,E,YALOVA
Yozgat,https://www.tbmm.gov.tr/develop/owa/milletvekillerimiz_sd.bilgi?p_donem=27&p_sicil=7684,Ali KEVEN,CHP,E,YOZGAT
Yozgat,https://www.tbmm.gov.tr/develop/owa/milletvekillerimiz_sd.bilgi?p_donem=27&p_sicil=6238,Bekir BOZDAĞ,AK Parti,E,YOZGAT
Yozgat,https://www.tbmm.gov.tr/develop/owa/milletvekillerimiz_sd.bilgi?p_donem=27&p_sicil=7616,İbrahim Ethem SEDEF,MHP,E,YOZGAT
Yozgat,https://www.tbmm.gov.tr/develop/owa/milletvekillerimiz_sd.bilgi?p_donem=27&p_sicil=6709,Yusuf BAŞER,AK Parti,E,YOZGAT
Zonguldak,https://www.tbmm.gov.tr/develop/owa/milletvekillerimiz_sd.bilgi?p_donem=27&p_sicil=7500,Ahmet ÇOLAKOĞLU,AK Parti,E,ZONGULDAK
Zonguldak,https://www.tbmm.gov.tr/develop/owa/milletvekillerimiz_sd.bilgi?p_donem=27&p_sicil=7570,Deniz YAVUZYILMAZ,CHP,E,ZONGULDAK
Zonguldak,https://www.tbmm.gov.tr/develop/owa/milletvekillerimiz_sd.bilgi?p_donem=27&p_sicil=7502,Hamdi UÇAR,AK Parti,E,ZONGULDAK
Zonguldak,https://www.tbmm.gov.tr/develop/owa/milletvekillerimiz_sd.bilgi?p_donem=27&p_sicil=6114,Polat TÜRKMEN,AK Parti,E,ZONGULDAK
Zonguldak,https://www.tbmm.gov.tr/develop/owa/milletvekillerimiz_sd.bilgi?p_donem=27&p_sicil=6983,Ünal DEMİRTAŞ,CHP,E,ZONGULDAK
